Jour;JS;Ligne de planche;Qualif 1;Qualif 2;Qualif 3;Vacation;Nom Prénom
13/10/2025;1;1;AF;;;AP02;
13/10/2025;1;2;AT;;;AP03;
13/10/2025;1;3;AT;;;NR02;
13/10/2025;1;4;AT;;;AP02;
13/10/2025;1;5;AT;;;MT01;
13/10/2025;1;6;AT;;;AP03;
13/10/2025;1;7;AT;;;AP02;
13/10/2025;1;8;AT;;;MT01;
13/10/2025;1;9;AT;;;AP03;
13/10/2025;1;10;AT;;;AP02;
13/10/2025;1;11;AT;;;AP02;
13/10/2025;1;12;AF;;;MT01;
13/10/2025;1;13;AT;;;AP03;
13/10/2025;1;14;SV;;;MT01;
13/10/2025;1;15;AT;;;AP02;
13/10/2025;1;16;TU;;;AP02;
13/10/2025;1;17;IB;;;AP02;
13/10/2025;1;18;AT;;;N8;
13/10/2025;1;19;AT;;;AP02;
13/10/2025;1;20;AT;;;MT01;
13/10/2025;1;21;FEDEX;;;MT01;
13/10/2025;1;22;AT;;;AP03;
13/10/2025;1;23;AT;;;MT01;
13/10/2025;1;24;AT;;;AP03;
13/10/2025;1;25;AT;;;AP03;
13/10/2025;1;26;AT;;;MT01;
13/10/2025;1;27;AT;;;AP02;
13/10/2025;1;28;AT;;;MT01;
13/10/2025;1;29;AT;;;AP03;
13/10/2025;1;30;TB;;;MT01;
13/10/2025;1;31;EK;;;NR02;
13/10/2025;1;32;AT;;;AP03;
13/10/2025;1;33;AT;;;AP02;
13/10/2025;1;34;AT;;;AP02;
13/10/2025;1;35;GF;;;MT01;
13/10/2025;1;36;TB;;;MT02;
13/10/2025;1;37;QR;;;AP02;
13/10/2025;1;38;TB;;;AP02;
13/10/2025;1;39;TB;;;AP02;
13/10/2025;1;40;AT;;;AP02;
13/10/2025;1;41;AT;;;AP02;
13/10/2025;1;42;AT;;;MT01;
13/10/2025;1;43;AT;;;MT01;
13/10/2025;1;44;AT;;;AP02;
13/10/2025;1;45;AT;;;MT01;
13/10/2025;1;46;IB;TK;;NR02;
13/10/2025;1;47;AT;;;AP03;
13/10/2025;1;48;AT;;;MT01;
13/10/2025;1;49;FEDEX;QR;;AP02;
13/10/2025;1;50;GF;;;MT01;
13/10/2025;1;51;AT;;;MT01;
14/10/2025;2;52;TB;;;AP02;
14/10/2025;2;53;AT;;;AP03;
14/10/2025;2;54;AT;;;AP02;
14/10/2025;2;55;SV;;;AP02;
14/10/2025;2;56;AF;;;MT01;
14/10/2025;2;57;AT;;;MT01;
14/10/2025;2;58;AT;;;AP03;
14/10/2025;2;59;TO;;;AP02;
14/10/2025;2;60;AT;;;AP03;
14/10/2025;2;61;AT;;;MT01;
14/10/2025;2;62;AT;;;AP03;
14/10/2025;2;63;AT;;;AP02;
14/10/2025;2;64;AF;;;AP02;
14/10/2025;2;65;FM;;;NR02;
14/10/2025;2;66;AT;;;NR02;
14/10/2025;2;67;SV;;;NR02;
14/10/2025;2;68;AT;;;AP02;
14/10/2025;2;69;AT;;;AP03;
14/10/2025;2;70;SV;;;AP02;
14/10/2025;2;71;AT;;;N8;
14/10/2025;2;72;AT;;;MT01;
14/10/2025;2;73;AT;;;MT01;
14/10/2025;2;74;AT;;;MT01;
14/10/2025;2;75;AT;;;NR02;
14/10/2025;2;76;AT;;;AP03;
14/10/2025;2;77;AT;;;MT01;
14/10/2025;2;78;AT;;;AP03;
14/10/2025;2;79;TB;;;MT01;
14/10/2025;2;80;TU;;;AP03;
14/10/2025;2;81;AT;;;MT01;
14/10/2025;2;82;AT;;;AP03;
14/10/2025;2;83;AT;;;N8;
14/10/2025;2;84;AT;;;AP03;
14/10/2025;2;85;AT;;;MT01;
14/10/2025;2;86;AT;;;AP03;
14/10/2025;2;87;QR;;;AP02;
14/10/2025;2;88;AT;;;AP02;
14/10/2025;2;89;FEDEX;;;NR02;
14/10/2025;2;90;L6;;;AP03;
14/10/2025;2;91;AT;;;AP03;
14/10/2025;2;92;AT;;;AP03;
14/10/2025;2;93;AT;;;AP02;
14/10/2025;2;94;AT;;;AP02;
14/10/2025;2;95;AT;;;AP02;
14/10/2025;2;96;EK;;;NR02;
14/10/2025;2;97;AT;;;N8;
14/10/2025;2;98;AT;;;MT01;
14/10/2025;2;99;IB;TK;;NR02;
14/10/2025;2;100;KU;;;MT01;
14/10/2025;2;101;AT;;;AP02;
14/10/2025;2;102;EY;;;MT01;
14/10/2025;2;103;FEDEX;QR;;AP02;
14/10/2025;2;104;AT;;;MT01;
14/10/2025;2;105;AT;;;MT01;
15/10/2025;3;106;AT;;;AP03;
15/10/2025;3;107;TO;;;MT01;
15/10/2025;3;108;AT;;;AP02;
15/10/2025;3;109;AF;;;MT01;
15/10/2025;3;110;TU;;;AP03;
15/10/2025;3;111;AT;;;AP02;
15/10/2025;3;112;AT;;;MT01;
15/10/2025;3;113;AF;;;AP02;
15/10/2025;3;114;AT;;;MT01;
15/10/2025;3;115;L6;;;MT01;
15/10/2025;3;116;EY;;;MT01;
15/10/2025;3;117;AT;;;AP03;
15/10/2025;3;118;AT;;;AP02;
15/10/2025;3;119;AT;;;AP02;
15/10/2025;3;120;AT;;;AP03;
15/10/2025;3;121;AT;;;MT01;
15/10/2025;3;122;AT;;;AP02;
15/10/2025;3;123;SV;FEDEX;;MT01;
15/10/2025;3;124;AT;;;AP02;
15/10/2025;3;125;AT;;;MT01;
15/10/2025;3;126;AT;;;AP02;
15/10/2025;3;127;AT;;;MT01;
15/10/2025;3;128;AT;;;MT01;
15/10/2025;3;129;AT;;;AP02;
15/10/2025;3;130;HV;;;AP02;
15/10/2025;3;131;AT;;;MT01;
15/10/2025;3;132;AT;;;MT01;
15/10/2025;3;133;AT;;;N8;
15/10/2025;3;134;AT;;;AP03;
15/10/2025;3;135;TB;;;MT01;
15/10/2025;3;136;AT;;;AP03;
15/10/2025;3;137;QR;;;AP02;
15/10/2025;3;138;SV;TB;;AP02;
15/10/2025;3;139;AT;;;AP02;
15/10/2025;3;140;AT;;;AP03;
15/10/2025;3;141;AT;;;AP03;
15/10/2025;3;142;PC;;;AP03;
15/10/2025;3;143;AT;;;AP02;
15/10/2025;3;144;AT;;;NR02;
15/10/2025;3;145;AT;;;AP03;
15/10/2025;3;146;IB;;;NR02;
15/10/2025;3;147;AT;;;AP03;
15/10/2025;3;148;EK;;;NR02;
15/10/2025;3;149;TO;;;MT01;
15/10/2025;3;150;AT;;;MT01;
15/10/2025;3;151;IB;;;AP02;
15/10/2025;3;152;AT;;;AP02;
15/10/2025;3;153;TK;;;NR02;
15/10/2025;3;154;FEDEX;QR;TB;AP02;
15/10/2025;3;155;AT;;;MT01;
15/10/2025;3;156;TO;;;MT01;
16/10/2025;4;157;AT;;;AP03;
16/10/2025;4;158;AT;;;MT01;
16/10/2025;4;159;FEDEX;;;MT01;
16/10/2025;4;160;TK;;;N8;
16/10/2025;4;161;AF;;;AP02;
16/10/2025;4;162;TK;;;N8;
16/10/2025;4;163;AT;;;AP02;
16/10/2025;4;164;AT;;;MT01;
16/10/2025;4;165;AT;;;MT01;
16/10/2025;4;166;AT;;;MT01;
16/10/2025;4;167;GF;;;MT01;
16/10/2025;4;168;AF;;;MT01;
16/10/2025;4;169;AT;;;NR02;
16/10/2025;4;170;AT;;;MT01;
16/10/2025;4;171;TB;;;AP02;
16/10/2025;4;172;AT;;;AP03;
16/10/2025;4;173;SV;;;AP02;
16/10/2025;4;174;FEDEX;;;MT01;
16/10/2025;4;175;QR;TB;;AP02;
16/10/2025;4;176;AT;;;AP02;
16/10/2025;4;177;AT;;;MT01;
16/10/2025;4;178;SV;;;NR02;
16/10/2025;4;179;AT;;;AP02;
16/10/2025;4;180;AT;;;MT01;
16/10/2025;4;181;AT;;;AP02;
16/10/2025;4;182;AT;;;AP02;
16/10/2025;4;183;TB;;;MT01;
16/10/2025;4;184;AT;;;AP03;
16/10/2025;4;185;AT;;;MT01;
16/10/2025;4;186;IB;;;NR02;
16/10/2025;4;187;FM;;;MT01;
16/10/2025;4;188;AT;;;AP02;
16/10/2025;4;189;TO;;;MT01;
16/10/2025;4;190;AT;;;AP02;
16/10/2025;4;191;TB;;;MT01;
16/10/2025;4;192;EY;;;MT02;
16/10/2025;4;193;AT;;;MT01;
16/10/2025;4;194;AT;;;MT01;
16/10/2025;4;195;AT;;;AP02;
16/10/2025;4;196;AT;;;AP02;
16/10/2025;4;197;QR;;;AP02;
16/10/2025;4;198;PC;;;AP03;
16/10/2025;4;199;L6;;;AP03;
16/10/2025;4;200;AT;;;AP03;
16/10/2025;4;201;EK;;;NR02;
16/10/2025;4;202;TU;;;AP03;
16/10/2025;4;203;AT;;;N8;
16/10/2025;4;204;SV;;;AP02;
16/10/2025;4;205;AT;;;AP02;
16/10/2025;4;206;AT;;;AP02;
16/10/2025;4;207;AT;;;AP03;
16/10/2025;4;208;AT;;;NR02;
16/10/2025;4;209;GF;KU;;MT01;
16/10/2025;4;210;AT;;;AP03;
17/10/2025;5;211;AT;;;AP03;
17/10/2025;5;212;AT;;;MT01;
17/10/2025;5;213;AT;;;AP02;
17/10/2025;5;214;FEDEX;;;AP02;
17/10/2025;5;215;AT;;;N8;
17/10/2025;5;216;AF;;;AP02;
17/10/2025;5;217;AT;;;AP03;
17/10/2025;5;218;AT;;;AP02;
17/10/2025;5;219;AT;;;MT01;
17/10/2025;5;220;AT;;;MT01;
17/10/2025;5;221;AT;;;AP02;
17/10/2025;5;222;AT;;;MT01;
17/10/2025;5;223;AT;;;MT01;
17/10/2025;5;224;AF;;;MT01;
17/10/2025;5;225;AT;;;AP02;
17/10/2025;5;226;AT;;;MT01;
17/10/2025;5;227;HV;TO;TB;AP02;
17/10/2025;5;228;AT;;;AP03;
17/10/2025;5;229;AT;;;AP03;
17/10/2025;5;230;AT;;;MT01;
17/10/2025;5;231;SV;;;MT01;
17/10/2025;5;232;AT;;;MT01;
17/10/2025;5;233;QR;;;AP02;
17/10/2025;5;234;AT;;;AP02;
17/10/2025;5;235;AT;;;NR02;
17/10/2025;5;236;AT;;;AP02;
17/10/2025;5;237;AT;;;MT01;
17/10/2025;5;238;AT;;;AP03;
17/10/2025;5;239;AT;;;AP02;
17/10/2025;5;240;AT;;;MT01;
17/10/2025;5;241;AT;;;AP03;
17/10/2025;5;242;EK;;;NR02;
17/10/2025;5;243;AT;;;MT01;
17/10/2025;5;244;AT;;;MT01;
17/10/2025;5;245;AT;;;AP03;
17/10/2025;5;246;FM;;;NR02;
17/10/2025;5;247;AT;;;AP02;
17/10/2025;5;248;TB;L6;;MT01;
17/10/2025;5;249;AT;;;AP02;
17/10/2025;5;250;AT;;;MT01;
17/10/2025;5;251;EY;;;MT01;
17/10/2025;5;252;AT;;;N8;
17/10/2025;5;253;AT;;;AP02;
17/10/2025;5;254;AT;;;AP03;
17/10/2025;5;255;AT;;;MT01;
17/10/2025;5;256;QR;;;AP02;
17/10/2025;5;257;TU;;;AP03;
17/10/2025;5;258;AT;;;AP03;
17/10/2025;5;259;PC;;;AP03;
17/10/2025;5;260;AT;;;AP03;
17/10/2025;5;261;AT;;;AP02;
17/10/2025;5;262;AT;;;N8;
17/10/2025;5;263;AT;;;AP02;
17/10/2025;5;264;FEDEX;IB;TK;NR02;
17/10/2025;5;265;AT;;;AP02;
17/10/2025;5;266;IB;;;AP02;
17/10/2025;5;267;AT;;;AP03;
17/10/2025;5;268;AT;;;MT01;
17/10/2025;5;269;AT;;;MT01;
17/10/2025;5;270;AT;;;AP03;
18/10/2025;6;271;AT;;;MT01;
18/10/2025;6;272;AF;;;MT01;
18/10/2025;6;273;AT;;;AP02;
18/10/2025;6;274;AT;;;AP03;
18/10/2025;6;275;SV;;;NR02;
18/10/2025;6;276;AT;;;AP02;
18/10/2025;6;277;AT;;;AP03;
18/10/2025;6;278;AT;;;AP02;
18/10/2025;6;279;AT;;;MT01;
18/10/2025;6;280;TO;;;MT01;
18/10/2025;6;281;AT;;;AP02;
18/10/2025;6;282;GF;;;MT01;
18/10/2025;6;283;AT;;;MT01;
18/10/2025;6;284;AF;;;AP02;
18/10/2025;6;285;AT;;;MT01;
18/10/2025;6;286;AT;;;AP02;
18/10/2025;6;287;AT;;;MT01;
18/10/2025;6;288;TB;;;AP02;
18/10/2025;6;289;AT;;;MT01;
18/10/2025;6;290;AT;;;MT01;
18/10/2025;6;291;AT;;;MT01;
18/10/2025;6;292;SV;;;MT01;
18/10/2025;6;293;AT;;;AP02;
18/10/2025;6;294;QR;;;AP02;
18/10/2025;6;295;AT;;;AP03;
18/10/2025;6;296;SV;;;AP02;
18/10/2025;6;297;AT;;;AP03;
18/10/2025;6;298;AT;;;AP02;
18/10/2025;6;299;AT;;;AP02;
18/10/2025;6;300;AT;;;AP02;
18/10/2025;6;301;AT;;;AP03;
18/10/2025;6;302;EK;;;NR02;
18/10/2025;6;303;AT;;;MT01;
18/10/2025;6;304;TB;;;NR02;
18/10/2025;6;305;AT;;;AP03;
18/10/2025;6;306;AT;;;MT01;
18/10/2025;6;307;AT;;;AP02;
18/10/2025;6;308;AT;;;MT01;
18/10/2025;6;309;GF;;;MT01;
18/10/2025;6;310;AT;;;NR02;
18/10/2025;6;311;AT;;;MT01;
18/10/2025;6;312;QR;;;AP02;
18/10/2025;6;313;AT;;;AP03;
18/10/2025;6;314;AT;;;AP02;
18/10/2025;6;315;IB;;;NR02;
18/10/2025;6;316;AT;;;AP02;
18/10/2025;6;317;AT;;;AP03;
18/10/2025;6;318;PC;;;AP03;
18/10/2025;6;319;AT;;;MT01;
18/10/2025;6;320;TO;;;AP02;
18/10/2025;6;321;AT;;;NR02;
18/10/2025;6;322;AT;;;AP02;
18/10/2025;6;323;TK;;;NR02;
18/10/2025;6;324;AT;;;AP03;
18/10/2025;6;325;L6;;;N8;
18/10/2025;6;326;EY;;;MT01;
18/10/2025;6;327;QR;;;MT01;
19/10/2025;7;328;IB;;;AP02;
19/10/2025;7;329;AF;;;MT01;
19/10/2025;7;330;AT;;;AP02;
19/10/2025;7;331;AT;;;AP02;
19/10/2025;7;332;AT;;;MT01;
19/10/2025;7;333;SV;;;NR02;
19/10/2025;7;334;AT;;;AP03;
19/10/2025;7;335;AT;;;AP02;
19/10/2025;7;336;AT;;;AP02;
19/10/2025;7;337;AT;;;MT01;
19/10/2025;7;338;AT;;;AP02;
19/10/2025;7;339;AT;;;MT01;
19/10/2025;7;340;AF;;;AP02;
19/10/2025;7;341;AF;;;MT01;
19/10/2025;7;342;AT;;;AP03;
19/10/2025;7;343;AT;;;AP02;
19/10/2025;7;344;AT;;;MT01;
19/10/2025;7;345;KU;;;MT01;
19/10/2025;7;346;AT;;;MT01;
19/10/2025;7;347;SV;;;AP02;
19/10/2025;7;348;AT;;;AP02;
19/10/2025;7;349;AT;;;AP02;
19/10/2025;7;350;AT;;;AP03;
19/10/2025;7;351;AT;;;AP03;
19/10/2025;7;352;AT;;;AP02;
19/10/2025;7;353;AT;;;AP03;
19/10/2025;7;354;AT;;;AP02;
19/10/2025;7;355;AT;;;N8;
19/10/2025;7;356;AT;;;MT01;
19/10/2025;7;357;AT;;;AP03;
19/10/2025;7;358;EK;;;NR02;
19/10/2025;7;359;AT;;;AP03;
19/10/2025;7;360;AT;;;MT01;
19/10/2025;7;361;AT;;;AP02;
19/10/2025;7;362;AT;;;AP02;
19/10/2025;7;363;EY;;;MT01;
19/10/2025;7;364;IB;;;MT01;
19/10/2025;7;365;AT;;;AP02;
19/10/2025;7;366;AT;;;AP02;
19/10/2025;7;367;TO;;;NR02;
19/10/2025;7;368;AT;;;AP02;
19/10/2025;7;369;AT;;;MT01;
19/10/2025;7;370;AT;;;AP03;
19/10/2025;7;371;PC;;;AP03;
19/10/2025;7;372;AT;;;AP02;
19/10/2025;7;373;AT;;;N8;
19/10/2025;7;374;AT;;;AP02;
19/10/2025;7;375;FM;;;NR02;
19/10/2025;7;376;AT;;;AP02;
19/10/2025;7;377;AT;;;MT01;
19/10/2025;7;378;TK;;;NR02;
19/10/2025;7;379;TB;L6;;AP03;
19/10/2025;7;380;AT;;;N8;
19/10/2025;7;381;AT;;;MT01;
19/10/2025;7;382;TB;;;MT01;
19/10/2025;7;383;AT;;;MT01;
19/10/2025;7;384;AT;;;MT01;
