Date de début;Date de fin;Temps alloué;Ressource ;Rôle;Note;Ligne ds la planche;Heure Ref;Unnamed: 8;Unnamed: 9
14/10/2025 14:30;14/10/2025 14:50;0,33;;AT571;;52;;;
14/10/2025 15:05;14/10/2025 16:05;1;;AT960;;52;;;
14/10/2025 19:15;14/10/2025 19:45;0,5;;TB7222;;52;;;
14/10/2025 20:55;14/10/2025 21:15;0,33;;AT721;;52;;;
14/10/2025 21:20;14/10/2025 22:20;1;;AT527;;52;;;
15/10/2025 20:45;15/10/2025 21:05;0,33;;AT771;;106;;;
15/10/2025 22:10;15/10/2025 23:10;1;;AT551;;106;;;
16/10/2025 21:55;16/10/2025 22:55;1;;AT579;;157;;;
17/10/2025 01:20;17/10/2025 02:20;1;;AT844;;211;;;
18/10/2025 06:45;18/10/2025 07:45;0;;AT942;;271;;;
18/10/2025 08:40;18/10/2025 09:40;0;;AT964;;271;;;
18/10/2025 13:20;18/10/2025 14:20;0;;AT770;;271;;;
19/10/2025 14:25;19/10/2025 15:25;0;;AT714;;328;;;
19/10/2025 16:55;19/10/2025 17:55;0;;IB1358;;328;;;
19/10/2025 20:35;19/10/2025 20:55;0;;AT833;;328;;;
19/10/2025 21:15;19/10/2025 22:15;0;;AT291;;328;;;
13/10/2025 15:20;13/10/2025 16:15;0,92;;AF1597;;1;;;
13/10/2025 17:25;13/10/2025 18:25;1;;AF1197;;1;;;
13/10/2025 20:40;13/10/2025 21:10;0,5;;AF1496;;1;;;
13/10/2025 21:50;13/10/2025 22:10;0,33;;AT1439;;1;;;
17/10/2025 09:15;17/10/2025 09:35;0,33;;AT845;;212;;;
17/10/2025 09:50;17/10/2025 10:50;1;;AT988;;212;;;
17/10/2025 12:25;17/10/2025 13:25;1;;AT788;;212;;;
17/10/2025 14:25;17/10/2025 14:45;0,33;;AT717;;212;;;
18/10/2025 06:40;18/10/2025 07:20;0;;AF1497;;272;;;
18/10/2025 08:10;18/10/2025 08:30;0;;AT1447;;272;;;
18/10/2025 10:00;18/10/2025 11:00;0;;AF1897;;272;;;
19/10/2025 06:30;19/10/2025 07:30;0;;AF1497;;329;;;
19/10/2025 07:50;19/10/2025 08:10;0;;AT471;;329;;;
19/10/2025 09:45;19/10/2025 11:10;0;;AF1297;;329;;;
19/10/2025 12:25;19/10/2025 13:25;0;;AT832;;329;;;
13/10/2025 20:20;13/10/2025 20:40;0,33;;AT789;;2;;;
13/10/2025 21:35;13/10/2025 22:35;1;;AT545;;2;;;
14/10/2025 00:10;14/10/2025 01:10;1;;AT555;;53;;;
16/10/2025 06:05;16/10/2025 06:25;0,33;;AT510;;158;;;
16/10/2025 07:00;16/10/2025 08:00;1;;AT790;;158;;;
16/10/2025 11:10;16/10/2025 11:30;0,33;;AT221;;158;;;
16/10/2025 11:55;16/10/2025 12:55;1;;AT952;;158;;;
16/10/2025 13:40;16/10/2025 14:00;0,33;;AT989;;158;;;
17/10/2025 14:20;17/10/2025 14:40;0,33;;AT761;;213;;;
17/10/2025 14:50;17/10/2025 15:10;0,33;;AT947;;213;;;
17/10/2025 15:20;17/10/2025 16:20;1;;AT982;;213;;;
17/10/2025 19:50;17/10/2025 20:10;0,33;;AT953;;213;;;
17/10/2025 20:15;17/10/2025 20:35;0,33;;AT851;;213;;;
17/10/2025 21:50;17/10/2025 22:50;1;;AT1400;;213;;;
18/10/2025 14:30;18/10/2025 14:50;0;;AT571;;273;;;
18/10/2025 15:05;18/10/2025 16:05;0;;AT960;;273;;;
18/10/2025 20:55;18/10/2025 21:15;0;;AT573;;273;;;
18/10/2025 21:55;18/10/2025 22:55;0;;AT579;;273;;;
19/10/2025 14:30;19/10/2025 14:50;0;;AT571;;330;;;
19/10/2025 15:05;19/10/2025 16:05;0;;AT960;;330;;;
19/10/2025 19:15;19/10/2025 19:35;0;;AT765;;330;;;
19/10/2025 20:35;19/10/2025 20:55;0;;AT789;;330;;;
19/10/2025 21:00;19/10/2025 22:00;0;;AT265;;330;;;
15/10/2025 14:25;15/10/2025 15:55;1,5;;AT200;;107;;;
15/10/2025 18:25;15/10/2025 19:25;1;;TO3201;;107;;;
15/10/2025 20:00;15/10/2025 23:00;3;;COORDINATION;;107;;;
16/10/2025 14:25;16/10/2025 15:55;1,5;;AT200;;159;;;
16/10/2025 17:00;16/10/2025 17:50;0,83;;FEDEX;;159;;;
16/10/2025 18:30;16/10/2025 22:45;4,25;;COORDO;;159;;;
17/10/2025 14:40;17/10/2025 15:40;1;;AT796;;214;;;
17/10/2025 17:00;17/10/2025 18:00;1;;FEDEX;;214;;;
17/10/2025 20:30;17/10/2025 20:50;0,33;;AT939;;214;;;
17/10/2025 22:10;17/10/2025 23:10;1;;AT553;;214;;;
18/10/2025 20:55;18/10/2025 21:15;0;;AT717;;274;;;
18/10/2025 23:40;19/10/2025 01:10;0;;AT555;;274;;;
19/10/2025 14:30;19/10/2025 16:00;0;;AT204;;331;;;
19/10/2025 16:45;19/10/2025 17:05;0;;AT1417;;331;;;
19/10/2025 21:05;19/10/2025 21:25;0;;AT997;;331;;;
19/10/2025 21:55;19/10/2025 22:55;0;;AT440;;331;;;
13/10/2025 08:45;13/10/2025 09:05;0,33;;AT591;;3;;;
13/10/2025 09:20;13/10/2025 10:20;1;;AT944;;3;;;
13/10/2025 10:50;13/10/2025 11:10;0,33;;AT402;;3;;;
13/10/2025 11:25;13/10/2025 12:25;1;;AT810;;3;;;
14/10/2025 15:25;14/10/2025 16:25;1;;AT970;;54;;;
14/10/2025 19:40;14/10/2025 20:00;0,33;;AT941;;54;;;
14/10/2025 21:15;14/10/2025 21:35;0,33;;AT935;;54;;;
14/10/2025 21:55;14/10/2025 22:55;1;;AT579;;54;;;
15/10/2025 14:00;15/10/2025 17:00;3;;COORDINATION;;108;;;
15/10/2025 17:05;15/10/2025 17:25;0,33;;AT775;;108;;;
15/10/2025 17:35;15/10/2025 18:35;1;;AT776;;108;;;
15/10/2025 21:00;15/10/2025 22:00;1;;AT297;;108;;;
16/10/2025 23:00;17/10/2025 01:00;1,97;;TK CARGO;;160;;;
17/10/2025 02:10;17/10/2025 03:10;1;;AT774;;215;;;
19/10/2025 11:20;19/10/2025 12:20;0;;AT764;;332;;;
19/10/2025 13:25;19/10/2025 13:45;0;;AT1423;;332;;;
19/10/2025 13:45;19/10/2025 14:45;0;;AT950;;332;;;
13/10/2025 15:50;13/10/2025 17:20;1,5;;AT208;;4;;;
14/10/2025 14:25;14/10/2025 15:55;1,5;;AT200;;55;;;
14/10/2025 18:30;14/10/2025 20:10;1,67;;SV378;;55;;;
14/10/2025 20:15;14/10/2025 23:15;3;;COORDINATION;;55;;;
18/10/2025 09:05;18/10/2025 10:35;0;;AT320;;275;;;
18/10/2025 11:00;18/10/2025 13:50;0;;SV372;;275;;;
19/10/2025 08:50;19/10/2025 09:50;0;;AT972;;333;;;
19/10/2025 10:35;19/10/2025 10:55;0;;AT262;;333;;;
19/10/2025 12:55;19/10/2025 14:55;0;;SV372;;333;;;
14/10/2025 06:30;14/10/2025 07:30;1;;AF1497;;56;;;
14/10/2025 09:15;14/10/2025 10:15;1;;AF1897;;56;;;
14/10/2025 11:00;14/10/2025 14:30;3,5;;COORD;;56;;;
15/10/2025 06:00;15/10/2025 07:30;1,5;;AF1497;;109;;;
15/10/2025 08:10;15/10/2025 08:30;0,33;;AT1447;;109;;;
15/10/2025 09:15;15/10/2025 10:10;0,92;;AF1897;;109;;;
15/10/2025 10:30;15/10/2025 14:45;4,25;;COORDINATION;;109;;;
16/10/2025 14:40;16/10/2025 15:30;0,83;;AF1597;;161;;;
16/10/2025 17:35;16/10/2025 18:25;0,83;;AF1197;;161;;;
16/10/2025 20:45;16/10/2025 21:20;0,58;;AF1496;;161;;;
17/10/2025 14:50;17/10/2025 15:55;1,08;;AF1597;;216;;;
17/10/2025 17:00;17/10/2025 18:20;1,33;;AF1197;;216;;;
17/10/2025 20:00;17/10/2025 21:00;1;;AF1496;;216;;;
17/10/2025 21:50;17/10/2025 22:20;0,5;;TB7502;;216;;;
18/10/2025 14:05;18/10/2025 14:25;0;;AT933;;276;;;
18/10/2025 14:40;18/10/2025 15:40;0;;AT529;;276;;;
18/10/2025 20:50;18/10/2025 21:10;0;;AT797;;276;;;
18/10/2025 21:20;18/10/2025 22:20;0;;AT527;;276;;;
15/10/2025 01:00;15/10/2025 02:00;1;;TU706;;110;;;
15/10/2025 21:15;16/10/2025 00:15;2,97;;COORDINATION;;110;;;
16/10/2025 01:10;16/10/2025 02:40;1,5;;AT248;;162;;;
16/10/2025 03:00;16/10/2025 04:00;1;;TK CARGO;;162;;;
18/10/2025 23:35;18/10/2025 23:55;0;;AT207;;277;;;
19/10/2025 01:00;19/10/2025 02:30;0;;AT246;;334;;;
13/10/2025 06:45;13/10/2025 07:05;0,33;;AT596;;5;;;
13/10/2025 07:30;13/10/2025 08:30;1;;AT409;;5;;;
13/10/2025 09:55;13/10/2025 10:55;1;;AT423;;5;;;
13/10/2025 12:25;13/10/2025 13:25;1;;AT832;;5;;;
13/10/2025 14:00;13/10/2025 14:30;0,5;;AT297;;5;;;
14/10/2025 06:05;14/10/2025 06:25;0,33;;AT510;;57;;;
14/10/2025 07:30;14/10/2025 08:30;1;;AT1410;;57;;;
14/10/2025 11:25;14/10/2025 11:45;0,33;;AT221;;57;;;
14/10/2025 12:35;14/10/2025 13:35;1;;AT818;;57;;;
15/10/2025 14:35;15/10/2025 14:55;0,33;;AT285;;111;;;
15/10/2025 15:15;15/10/2025 16:15;1;;AT425;;111;;;
15/10/2025 20:10;15/10/2025 20:30;0,33;;AT941;;111;;;
15/10/2025 20:55;15/10/2025 21:15;0,33;;AT573;;111;;;
15/10/2025 21:50;15/10/2025 22:50;1;;AT1400;;111;;;
16/10/2025 14:45;16/10/2025 15:05;0,33;;AT761;;163;;;
16/10/2025 15:20;16/10/2025 16:20;1;;AT413;;163;;;
16/10/2025 20:10;16/10/2025 20:30;0,33;;AT438;;163;;;
16/10/2025 20:45;16/10/2025 21:05;0,33;;AT733;;163;;;
16/10/2025 20:50;16/10/2025 21:50;1;;AT401;;163;;;
16/10/2025 22:05;16/10/2025 22:25;0,33;;AT789;;163;;;
17/10/2025 20:35;17/10/2025 20:55;0,33;;AT833;;217;;;
17/10/2025 21:10;17/10/2025 21:30;0,33;;AT801;;217;;;
17/10/2025 22:20;17/10/2025 23:20;1;;AT1460;;217;;;
13/10/2025 19:45;13/10/2025 20:05;0,33;;AT983;;6;;;
13/10/2025 21:25;13/10/2025 21:45;0,33;;AT795;;6;;;
13/10/2025 22:00;13/10/2025 23:00;1;;AT1446;;6;;;
14/10/2025 01:20;14/10/2025 01:40;0,33;;AT424;;58;;;
16/10/2025 06:40;16/10/2025 07:00;0,33;;AT428;;164;;;
16/10/2025 08:00;16/10/2025 09:00;1;;AT986;;164;;;
16/10/2025 08:15;16/10/2025 09:15;1;;AT1435;;164;;;
16/10/2025 11:00;16/10/2025 11:20;0,33;;AT266;;164;;;
16/10/2025 11:45;16/10/2025 12:05;0,33;;AT4922;;164;;;
16/10/2025 12:20;16/10/2025 13:20;1;;AT4923;;164;;;
17/10/2025 16:50;17/10/2025 17:10;0,33;;AT969;;218;;;
17/10/2025 17:15;17/10/2025 18:15;1;;AT984;;218;;;
17/10/2025 21:00;17/10/2025 21:20;0,33;;AT733;;218;;;
17/10/2025 21:45;17/10/2025 22:45;1;;AT523;;218;;;
18/10/2025 15:40;18/10/2025 16:40;0;;AT1402;;278;;;
18/10/2025 19:45;18/10/2025 20:05;0;;AT983;;278;;;
18/10/2025 21:00;18/10/2025 21:20;0;;AT733;;278;;;
18/10/2025 21:50;18/10/2025 22:50;0;;AT1400;;278;;;
19/10/2025 14:20;19/10/2025 15:20;0;;AT996;;335;;;
19/10/2025 15:35;19/10/2025 15:55;0;;AT937;;335;;;
19/10/2025 19:50;19/10/2025 20:10;0;;AT953;;335;;;
19/10/2025 21:15;19/10/2025 21:35;0;;AT1437;;335;;;
19/10/2025 21:50;19/10/2025 22:50;0;;AT470;;335;;;
13/10/2025 14:35;13/10/2025 15:35;1;;AT878;;7;;;
13/10/2025 16:50;13/10/2025 17:10;0,33;;AT969;;7;;;
13/10/2025 17:15;13/10/2025 18:15;1;;AT984;;7;;;
13/10/2025 20:15;13/10/2025 20:35;0,33;;AT851;;7;;;
13/10/2025 21:00;13/10/2025 21:20;0,33;;AT771;;7;;;
16/10/2025 07:05;16/10/2025 08:05;1;;AT716;;165;;;
16/10/2025 09:55;16/10/2025 10:55;1;;AT423;;165;;;
16/10/2025 12:35;16/10/2025 13:35;1;;AT818;;165;;;
17/10/2025 06:40;17/10/2025 07:00;0,33;;AT546;;219;;;
17/10/2025 07:05;17/10/2025 08:05;1;;AT714;;219;;;
17/10/2025 10:55;17/10/2025 11:15;0,33;;AT1421;;219;;;
17/10/2025 11:20;17/10/2025 12:20;1;;AT535;;219;;;
17/10/2025 13:10;17/10/2025 13:30;0,33;;AT1423;;219;;;
17/10/2025 13:35;17/10/2025 14:35;1;;AT503;;219;;;
18/10/2025 06:30;18/10/2025 06:50;0;;AT578;;279;;;
18/10/2025 07:10;18/10/2025 08:10;0;;AT760;;279;;;
18/10/2025 11:25;18/10/2025 11:45;0;;AT221;;279;;;
18/10/2025 12:25;18/10/2025 13:25;0;;AT788;;279;;;
19/10/2025 14:45;19/10/2025 15:05;0;;AT955;;336;;;
19/10/2025 15:25;19/10/2025 16:25;0;;AT750;;336;;;
19/10/2025 21:10;19/10/2025 21:30;0;;AT801;;336;;;
19/10/2025 22:00;19/10/2025 23:00;0;;AT267;;336;;;
13/10/2025 06:35;13/10/2025 06:55;0,33;;AT544;;8;;;
13/10/2025 07:25;13/10/2025 08:25;1;;AT790;;8;;;
13/10/2025 10:25;13/10/2025 10:45;0,33;;AT408;;8;;;
13/10/2025 11:00;13/10/2025 12:00;1;;AT8744;;8;;;
13/10/2025 12:00;13/10/2025 13:00;1;;HV5748;;8;;;
13/10/2025 13:55;13/10/2025 14:15;0,33;;AT717;;8;;;
14/10/2025 14:25;14/10/2025 15:25;1;;AT714;;59;;;
14/10/2025 18:00;14/10/2025 19:00;1;;TO3069;;59;;;
14/10/2025 20:50;14/10/2025 21:10;0,33;;AT797;;59;;;
14/10/2025 21:35;14/10/2025 22:35;1;;AT545;;59;;;
17/10/2025 07:00;17/10/2025 07:20;0,33;;AT596;;220;;;
17/10/2025 08:10;17/10/2025 08:30;0,33;;AT1447;;220;;;
17/10/2025 09:55;17/10/2025 10:55;1;;AT924;;220;;;
17/10/2025 11:55;17/10/2025 12:55;1;;AT952;;220;;;
18/10/2025 10:30;18/10/2025 11:20;0;;TO3061;;280;;;
18/10/2025 13:10;18/10/2025 13:30;0;;AT273;;280;;;
18/10/2025 13:30;18/10/2025 14:30;0;;AT572;;280;;;
19/10/2025 06:55;19/10/2025 07:55;0;;AT946;;337;;;
19/10/2025 08:35;19/10/2025 09:35;0;;AT976;;337;;;
19/10/2025 13:00;19/10/2025 14:00;0;;AT572;;337;;;
13/10/2025 20:15;13/10/2025 20:35;0,33;;AT811;;9;;;
13/10/2025 21:55;13/10/2025 22:55;1;;AT579;;9;;;
13/10/2025 23:05;13/10/2025 23:25;0,33;;AT751;;9;;;
14/10/2025 00:35;14/10/2025 01:35;1;;AT515;;60;;;
16/10/2025 06:50;16/10/2025 07:50;1;;AT570;;166;;;
16/10/2025 08:30;16/10/2025 08:50;0,33;;AT201;;166;;;
16/10/2025 10:35;16/10/2025 10:55;0,33;;AT292;;166;;;
16/10/2025 12:05;16/10/2025 13:05;1;;AT950;;166;;;
16/10/2025 14:05;16/10/2025 14:25;0,33;;AT422;;166;;;
17/10/2025 14:30;17/10/2025 15:30;1;;AT1436;;221;;;
17/10/2025 16:00;17/10/2025 17:00;1;;AT521;;221;;;
17/10/2025 20:15;17/10/2025 20:35;0,33;;AT811;;221;;;
17/10/2025 21:30;17/10/2025 22:30;1;;AT591;;221;;;
18/10/2025 14:55;18/10/2025 15:15;0;;AT779;;281;;;
18/10/2025 15:25;18/10/2025 16:25;0;;AT750;;281;;;
18/10/2025 20:30;18/10/2025 20:50;0;;AT1403;;281;;;
18/10/2025 21:35;18/10/2025 22:35;0;;AT545;;281;;;
19/10/2025 13:45;19/10/2025 14:05;0;;AT925;;338;;;
19/10/2025 14:30;19/10/2025 15:30;0;;AT1436;;338;;;
19/10/2025 16:45;19/10/2025 17:05;0;;AT761;;338;;;
19/10/2025 17:15;19/10/2025 18:15;0;;AT1412;;338;;;
19/10/2025 21:00;19/10/2025 22:00;0;;AT297;;338;;;
14/10/2025 08:05;14/10/2025 08:25;0,33;;AT1401;;61;;;
14/10/2025 09:00;14/10/2025 10:00;1;;CTRL DOSSEIRS;;61;;;
14/10/2025 10:25;14/10/2025 10:45;0,33;;AT1421;;61;;;
14/10/2025 11:00;14/10/2025 12:00;1;;AT411;;61;;;
14/10/2025 12:35;14/10/2025 14:05;1,5;;AT770;;61;;;
15/10/2025 05:45;15/10/2025 06:45;1;;AT8102;;112;;;
15/10/2025 07:45;15/10/2025 08:05;0,33;;AT2811;;112;;;
15/10/2025 09:10;15/10/2025 10:10;1;;AT423;;112;;;
15/10/2025 11:20;15/10/2025 12:20;1;;AT764;;112;;;
16/10/2025 05:00;16/10/2025 06:30;1,5;;AT202;;167;;;
16/10/2025 08:20;16/10/2025 09:59;1,67;;GF142;;167;;;
16/10/2025 11:05;16/10/2025 11:25;0,33;;AT554;;167;;;
16/10/2025 11:35;16/10/2025 12:35;1;;AT940;;167;;;
17/10/2025 06:00;17/10/2025 06:20;0,33;;AT522;;222;;;
17/10/2025 06:30;17/10/2025 08:00;1,5;;AT206;;222;;;
17/10/2025 10:45;17/10/2025 11:05;0,33;;AT532;;222;;;
17/10/2025 11:20;17/10/2025 12:20;1;;AT764;;222;;;
18/10/2025 07:00;18/10/2025 09:00;0;;GF142;;282;;;
18/10/2025 10:30;18/10/2025 10:50;0;;AT211;;282;;;
18/10/2025 12:40;18/10/2025 13:40;0;;AT800;;282;;;
13/10/2025 15:20;13/10/2025 16:20;1;;AT1414;;10;;;
13/10/2025 20:30;13/10/2025 20:50;0,33;;AT1403;;10;;;
13/10/2025 21:50;13/10/2025 22:50;1;;AT470;;10;;;
14/10/2025 14:35;14/10/2025 15:35;1;;AT724;;62;;;
14/10/2025 19:35;14/10/2025 19:55;0,33;;AT803;;62;;;
14/10/2025 21:10;14/10/2025 21:30;0,33;;AT801;;62;;;
14/10/2025 22:15;14/10/2025 23:15;1;;AT431;;62;;;
17/10/2025 06:50;17/10/2025 07:10;0,33;;AT428;;223;;;
17/10/2025 07:30;17/10/2025 08:30;1;;AT409;;223;;;
17/10/2025 09:15;17/10/2025 09:35;0,33;;AT777;;223;;;
17/10/2025 09:55;17/10/2025 10:55;1;;AT423;;223;;;
18/10/2025 06:40;18/10/2025 07:00;0;;AT526;;283;;;
18/10/2025 07:30;18/10/2025 08:30;0;;AT1410;;283;;;
18/10/2025 09:55;18/10/2025 10:55;0;;AT423;;283;;;
18/10/2025 13:10;18/10/2025 13:30;0;;AT1434;;283;;;
19/10/2025 06:45;19/10/2025 07:45;0;;AT1469;;339;;;
19/10/2025 08:15;19/10/2025 08:35;0;;AT441;;339;;;
19/10/2025 11:10;19/10/2025 11:30;0;;AT514;;339;;;
19/10/2025 11:45;19/10/2025 12:45;0;;AT968;;339;;;
19/10/2025 13:55;19/10/2025 14:15;0;;AT717;;339;;;
16/10/2025 06:15;16/10/2025 07:05;0,83;;AF1497;;168;;;
16/10/2025 08:10;16/10/2025 08:30;0,33;;AT1447;;168;;;
16/10/2025 08:45;16/10/2025 09:05;0,33;;AT591;;168;;;
16/10/2025 09:20;16/10/2025 10:20;1;;AT988;;168;;;
16/10/2025 10:30;16/10/2025 14:40;4,17;;COORDINATION;;168;;;
17/10/2025 06:30;17/10/2025 07:30;1;;AF1497;;224;;;
17/10/2025 08:10;17/10/2025 08:30;0,33;;AT217;;224;;;
17/10/2025 08:30;17/10/2025 08:50;0,33;;AT441;;224;;;
17/10/2025 09:15;17/10/2025 10:20;1,08;;AF1897;;224;;;
18/10/2025 13:50;18/10/2025 15:00;0;;AF1597;;284;;;
18/10/2025 17:00;18/10/2025 18:15;0;;AF1197;;284;;;
18/10/2025 20:00;18/10/2025 21:00;0;;AF1496;;284;;;
18/10/2025 22:05;18/10/2025 22:25;0;;AT1413;;284;;;
19/10/2025 14:55;19/10/2025 15:55;0;;AF1597;;340;;;
19/10/2025 17:20;19/10/2025 18:20;0;;AF1197;;340;;;
19/10/2025 20:30;19/10/2025 21:30;0;;AF1496;;340;;;
19/10/2025 21:30;19/10/2025 21:50;0;;AT715;;340;;;
13/10/2025 15:25;13/10/2025 16:25;1;;AT750;;11;;;
13/10/2025 21:20;13/10/2025 22:20;1;;AT527;;11;;;
14/10/2025 14:00;14/10/2025 15:00;1;;;;63;;;
14/10/2025 16:50;14/10/2025 17:10;0,33;;AT969;;63;;;
14/10/2025 17:30;14/10/2025 18:30;1;;AT984;;63;;;
14/10/2025 20:25;14/10/2025 20:45;0,33;;AT247;;63;;;
14/10/2025 20:55;14/10/2025 21:55;1;;AT285;;63;;;
13/10/2025 07:00;13/10/2025 08:00;1;;AF1497;;12;;;
13/10/2025 08:25;13/10/2025 08:45;0,33;;AT1447;;12;;;
13/10/2025 09:00;13/10/2025 10:00;1;;;;12;;;
13/10/2025 10:00;13/10/2025 14:45;4,75;;COORDINATION;;12;;;
14/10/2025 14:55;14/10/2025 15:55;1;;AF1597;;64;;;
14/10/2025 17:35;14/10/2025 18:35;1;;AT776;;64;;;
14/10/2025 20:15;14/10/2025 21:00;0,75;;AF1496;;64;;;
14/10/2025 22:05;14/10/2025 22:25;0,33;;AT1413;;64;;;
15/10/2025 15:25;15/10/2025 16:25;1;;AF1597;;113;;;
15/10/2025 17:20;15/10/2025 18:20;1;;AF1196;;113;;;
15/10/2025 20:30;15/10/2025 21:20;0,83;;AF1496;;113;;;
15/10/2025 22:20;15/10/2025 22:40;0,33;;AT1439;;113;;;
18/10/2025 06:30;18/10/2025 08:00;0;;AT206;;285;;;
18/10/2025 08:30;18/10/2025 08:50;0;;AT201;;285;;;
18/10/2025 11:10;18/10/2025 12:10;0;;AT878;;285;;;
18/10/2025 13:25;18/10/2025 13:45;0;;AT1423;;285;;;
19/10/2025 06:10;19/10/2025 06:30;0;;AT500;;341;;;
19/10/2025 07:05;19/10/2025 08:05;0;;AT716;;341;;;
19/10/2025 09:30;19/10/2025 11:05;0;;AF1897;;341;;;
19/10/2025 12:25;19/10/2025 13:25;0;;AT788;;341;;;
19/10/2025 13:50;19/10/2025 14:10;0;;AT353;;341;;;
13/10/2025 00:20;13/10/2025 01:20;1;;AT533;;13;;;
15/10/2025 06:20;15/10/2025 06:40;0,33;;AT544;;114;;;
15/10/2025 07:10;15/10/2025 08:10;1;;AT760;;114;;;
15/10/2025 10:35;15/10/2025 10:55;0,33;;AT262;;114;;;
15/10/2025 11:05;15/10/2025 12:05;1;;AT535;;114;;;
15/10/2025 13:10;15/10/2025 13:30;0,33;;AT273;;114;;;
15/10/2025 13:30;15/10/2025 14:30;1;;AT930;;114;;;
16/10/2025 08:50;16/10/2025 09:50;1;;AT724;;169;;;
16/10/2025 11:10;16/10/2025 11:30;0,33;;AT514;;169;;;
16/10/2025 11:30;16/10/2025 12:30;1;;AT850;;169;;;
16/10/2025 13:10;16/10/2025 13:30;0,33;;AT1434;;169;;;
16/10/2025 14:00;16/10/2025 15:00;1;;AT483;;169;;;
16/10/2025 16:00;16/10/2025 17:00;1;;AT439;;169;;;
17/10/2025 15:20;17/10/2025 16:20;1;;AT750;;225;;;
17/10/2025 20:20;17/10/2025 20:40;0,33;;AT789;;225;;;
17/10/2025 20:30;17/10/2025 20:50;0,33;;AT1403;;225;;;
17/10/2025 21:55;17/10/2025 22:55;1;;AT579;;225;;;
18/10/2025 14:40;18/10/2025 15:00;0;;AT965;;286;;;
18/10/2025 15:10;18/10/2025 16:10;0;;AT503;;286;;;
18/10/2025 19:35;18/10/2025 19:55;0;;AT803;;286;;;
18/10/2025 21:30;18/10/2025 22:30;0;;AT593;;286;;;
19/10/2025 20:55;19/10/2025 21:15;0;;AT573;;342;;;
19/10/2025 20:55;19/10/2025 21:15;0;;AT231;;342;;;
19/10/2025 21:45;19/10/2025 22:45;0;;AT523;;342;;;
19/10/2025 23:35;19/10/2025 23:55;0;;AT207;;342;;;
15/10/2025 06:10;15/10/2025 06:30;0,33;;AT500;;115;;;
15/10/2025 07:10;15/10/2025 07:30;0,33;;AT217;;115;;;
15/10/2025 09:30;15/10/2025 10:30;1;;L6115;;115;;;
15/10/2025 12:40;15/10/2025 13:40;1;;AT800;;115;;;
16/10/2025 06:00;16/10/2025 07:00;1;;AT4325;;170;;;
16/10/2025 08:05;16/10/2025 08:25;0,33;;AT1401;;170;;;
16/10/2025 09:10;16/10/2025 09:30;0,33;;AT209;;170;;;
16/10/2025 12:55;16/10/2025 14:25;1,5;;AT216;;170;;;
17/10/2025 06:10;17/10/2025 06:30;0,33;;AT500;;226;;;
17/10/2025 07:10;17/10/2025 08:10;1;;AT954;;226;;;
17/10/2025 11:10;17/10/2025 11:30;0,33;;AT221;;226;;;
17/10/2025 11:35;17/10/2025 12:35;1;;AT940;;226;;;
17/10/2025 13:20;17/10/2025 13:40;0,33;;AT214;;226;;;
18/10/2025 05:00;18/10/2025 06:30;0;;AT202;;287;;;
18/10/2025 07:10;18/10/2025 07:30;0;;AT217;;287;;;
18/10/2025 11:00;18/10/2025 11:20;0;;AT777;;287;;;
18/10/2025 11:30;18/10/2025 12:30;0;;AT850;;287;;;
19/10/2025 14:15;19/10/2025 15:15;0;;AT732;;343;;;
19/10/2025 15:50;19/10/2025 17:20;0;;AT208;;343;;;
19/10/2025 21:05;19/10/2025 21:25;0;;AT985;;343;;;
19/10/2025 22:00;19/10/2025 23:00;0;;AT1446;;343;;;
14/10/2025 08:45;14/10/2025 10:15;1,5;;AT910;;65;;;
14/10/2025 11:00;14/10/2025 12:00;1;;CTRL DOSSEIRS;;65;;;
14/10/2025 12:00;14/10/2025 13:00;1;;FM871;;65;;;
14/10/2025 13:25;14/10/2025 13:45;0,33;;AT1434;;65;;;
14/10/2025 15:00;14/10/2025 17:10;2,17;;FM872;;65;;;
15/10/2025 06:15;15/10/2025 09:05;2,83;;EY758;;116;;;
15/10/2025 11:00;15/10/2025 11:20;0,33;;AT563;;116;;;
15/10/2025 11:35;15/10/2025 12:35;1;;AT940;;116;;;
15/10/2025 13:15;15/10/2025 13:35;0,33;;AT1431;;116;;;
16/10/2025 14:10;16/10/2025 15:00;0,83;;TB7351;;171;;;
16/10/2025 15:50;16/10/2025 17:20;1,5;;AT208;;171;;;
16/10/2025 18:00;16/10/2025 22:45;4,75;;COORDO;;171;;;
17/10/2025 14:45;17/10/2025 15:45;1;;HV5748;;227;;;
17/10/2025 16:45;17/10/2025 17:45;1;;TO3069;;227;;;
17/10/2025 18:45;17/10/2025 20:20;1,58;;TB2534;;227;;;
17/10/2025 20:50;17/10/2025 21:10;0,33;;AT911;;227;;;
18/10/2025 13:50;18/10/2025 15:15;0;;TB7221;;288;;;
18/10/2025 15:50;18/10/2025 17:20;0;;AT208;;288;;;
14/10/2025 10:20;14/10/2025 10:40;0,33;;AT553;;66;;;
14/10/2025 11:25;14/10/2025 12:25;1;;AT810;;66;;;
14/10/2025 13:00;14/10/2025 14:00;1;;AT934;;66;;;
14/10/2025 15:40;14/10/2025 16:40;1;;AT1402;;66;;;
15/10/2025 20:15;15/10/2025 20:35;0,33;;AT851;;117;;;
15/10/2025 21:05;15/10/2025 21:25;0,33;;AT961;;117;;;
15/10/2025 22:05;15/10/2025 23:05;1;;AT1460;;117;;;
16/10/2025 00:35;16/10/2025 01:35;1;;AT515;;172;;;
16/10/2025 20:00;16/10/2025 20:20;0,33;;AT1403;;172;;;
16/10/2025 20:50;16/10/2025 21:50;1;;AT429;;172;;;
16/10/2025 23:25;16/10/2025 23:45;0,33;;AT502;;172;;;
17/10/2025 00:25;17/10/2025 01:25;1;;AT272;;228;;;
18/10/2025 06:50;18/10/2025 07:50;0;;AT932;;289;;;
18/10/2025 09:05;18/10/2025 09:25;0;;AT1461;;289;;;
18/10/2025 10:50;18/10/2025 11:10;0;;AT402;;289;;;
18/10/2025 11:25;18/10/2025 12:25;0;;AT810;;289;;;
18/10/2025 13:25;18/10/2025 13:45;0;;AT1453;;289;;;
19/10/2025 07:10;19/10/2025 08:10;0;;AT790;;344;;;
19/10/2025 10:45;19/10/2025 11:05;0;;AT532;;344;;;
19/10/2025 11:25;19/10/2025 12:25;0;;AT810;;344;;;
19/10/2025 13:10;19/10/2025 13:30;0;;AT1469;;344;;;
13/10/2025 06:00;13/10/2025 07:30;1,33;;SV376;;14;;;
13/10/2025 08:05;13/10/2025 08:25;0,33;;AT1401;;14;;;
13/10/2025 11:05;13/10/2025 11:25;0,33;;AT554;;14;;;
13/10/2025 12:00;13/10/2025 14:50;2,83;;;;14;;;
13/10/2025 13:00;13/10/2025 14:45;1,75;;SV372;;14;;;
14/10/2025 09:05;14/10/2025 09:25;0,33;;AT593;;67;;;
14/10/2025 09:50;14/10/2025 10:50;1;;AT423;;67;;;
14/10/2025 13:00;14/10/2025 14:55;1,92;;SV372;;67;;;
14/10/2025 15:00;14/10/2025 16:00;1;;CTRL DOSSEIRS;;67;;;
15/10/2025 14:30;15/10/2025 16:00;1,5;;AT204;;118;;;
15/10/2025 19:45;15/10/2025 20:05;0,33;;AT983;;118;;;
15/10/2025 21:25;15/10/2025 22:25;1;;AT509;;118;;;
16/10/2025 15:30;16/10/2025 15:50;0,33;;AT987;;173;;;
16/10/2025 16:30;16/10/2025 19:00;2,5;;SV378;;173;;;
16/10/2025 20:35;16/10/2025 20:55;0,33;;AT833;;173;;;
17/10/2025 19:35;17/10/2025 19:55;0,33;;AT803;;229;;;
17/10/2025 21:10;17/10/2025 22:40;1,5;;AT501;;229;;;
13/10/2025 15:05;13/10/2025 16:35;1,5;;AT230;;15;;;
13/10/2025 21:15;13/10/2025 21:35;0,33;;AT327;;15;;;
14/10/2025 14:00;14/10/2025 20:00;6;;COORDINATION;;68;;;
14/10/2025 20:35;14/10/2025 22:05;1,5;;AT523;;68;;;
15/10/2025 15:15;15/10/2025 16:45;1,5;;AT210;;119;;;
15/10/2025 20:30;15/10/2025 20:50;0,33;;AT939;;119;;;
15/10/2025 21:20;15/10/2025 22:20;1;;AT527;;119;;;
18/10/2025 06:55;18/10/2025 07:55;0;;AT954;;290;;;
18/10/2025 08:55;18/10/2025 09:15;0;;AT209;;290;;;
18/10/2025 12:05;18/10/2025 13:05;0;;AT950;;290;;;
19/10/2025 06:40;19/10/2025 07:00;0;;AT546;;345;;;
19/10/2025 07:30;19/10/2025 08:30;0;;AT936;;345;;;
19/10/2025 11:00;19/10/2025 12:50;0;;KU124;;345;;;
13/10/2025 01:00;13/10/2025 02:00;1;;TU706;;16;;;
13/10/2025 15:00;13/10/2025 15:20;0,33;;AT761;;16;;;
13/10/2025 16:05;13/10/2025 17:05;1;;AT413;;16;;;
13/10/2025 20:40;13/10/2025 21:00;0,33;;AT971;;16;;;
13/10/2025 21:25;13/10/2025 22:25;1;;AT1420;;16;;;
14/10/2025 20:20;14/10/2025 20:40;0,33;;AT789;;69;;;
14/10/2025 20:50;14/10/2025 21:10;0,33;;AT961;;69;;;
14/10/2025 21:25;14/10/2025 22:25;1;;AT1420;;69;;;
14/10/2025 22:55;14/10/2025 23:15;0,33;;AT725;;69;;;
15/10/2025 00:01;15/10/2025 01:01;1;;AT587;;120;;;
17/10/2025 07:00;17/10/2025 08:00;1;;AT1467;;230;;;
17/10/2025 08:35;17/10/2025 08:55;0,33;;AT1401;;230;;;
17/10/2025 11:05;17/10/2025 11:25;0,33;;AT402;;230;;;
17/10/2025 11:30;17/10/2025 12:30;1;;AT850;;230;;;
17/10/2025 13:30;17/10/2025 13:50;0,33;;AT1467;;230;;;
18/10/2025 06:35;18/10/2025 06:55;0;;AT428;;291;;;
18/10/2025 07:25;18/10/2025 08:25;0;;AT1422;;291;;;
18/10/2025 11:20;18/10/2025 11:40;0;;AT554;;291;;;
18/10/2025 12:00;18/10/2025 13:00;0;;AT930;;291;;;
18/10/2025 13:30;18/10/2025 13:50;0;;AT989;;291;;;
19/10/2025 06:20;19/10/2025 06:40;0;;AT544;;346;;;
19/10/2025 06:55;19/10/2025 07:55;0;;AT954;;346;;;
19/10/2025 08:50;19/10/2025 09:10;0;;AT593;;346;;;
19/10/2025 09:20;19/10/2025 10:20;0;;AT988;;346;;;
19/10/2025 11:15;19/10/2025 11:35;0;;AT563;;346;;;
19/10/2025 12:35;19/10/2025 13:35;0;;AT818;;346;;;
19/10/2025 13:50;19/10/2025 14:10;0;;AT422;;346;;;
13/10/2025 12:00;13/10/2025 12:50;0,83;;IB1356;;17;;;
13/10/2025 15:20;13/10/2025 16:20;1;;AT982;;17;;;
13/10/2025 17:15;13/10/2025 18:05;0,83;;IB1358;;17;;;
13/10/2025 21:15;13/10/2025 22:15;1;;AT220;;17;;;
14/10/2025 14:00;14/10/2025 18:00;4;;COORDINATION;;70;;;
14/10/2025 19:20;14/10/2025 21:10;1,83;;SV374;;70;;;
14/10/2025 21:35;14/10/2025 22:35;1;;AT403;;70;;;
17/10/2025 05:50;17/10/2025 07:40;1,83;;SV376;;231;;;
17/10/2025 08:00;17/10/2025 09:00;1;;AT8710;;231;;;
17/10/2025 12:35;17/10/2025 14:40;2,08;;SV372;;231;;;
18/10/2025 06:00;18/10/2025 07:30;0;;SV376;;292;;;
18/10/2025 08:05;18/10/2025 08:25;0;;AT1401;;292;;;
18/10/2025 10:05;18/10/2025 10:25;0;;AT430;;292;;;
18/10/2025 11:55;18/10/2025 12:55;0;;AT952;;292;;;
19/10/2025 14:05;19/10/2025 14:25;0;;AT973;;347;;;
19/10/2025 14:35;19/10/2025 16:05;0;;AT218;;347;;;
19/10/2025 17:00;19/10/2025 19:20;0;;SV378;;347;;;
13/10/2025 23:25;13/10/2025 23:45;0,33;;AT8101;;18;;;
14/10/2025 01:10;14/10/2025 02:40;1,5;;AT248;;71;;;
16/10/2025 06:10;16/10/2025 06:30;0,33;;AT500;;174;;;
16/10/2025 07:10;16/10/2025 07:30;0,33;;AT217;;174;;;
16/10/2025 09:00;16/10/2025 09:40;0,67;;FEDEX;;174;;;
16/10/2025 10:05;16/10/2025 10:25;0,33;;AT551;;174;;;
16/10/2025 10:30;16/10/2025 11:30;1;;AT411;;174;;;
16/10/2025 12:55;16/10/2025 13:15;0,33;;AT791;;174;;;
16/10/2025 13:20;16/10/2025 14:20;1;;AT770;;174;;;
17/10/2025 10:55;17/10/2025 11:15;0,33;;AT514;;232;;;
17/10/2025 11:15;17/10/2025 12:15;1;;AT802;;232;;;
17/10/2025 13:25;17/10/2025 13:45;0,33;;AT1453;;232;;;
17/10/2025 13:45;17/10/2025 14:45;1;;AT1430;;232;;;
18/10/2025 14:05;18/10/2025 15:05;0;;AT716;;293;;;
18/10/2025 16:00;18/10/2025 17:00;0;;AT439;;293;;;
18/10/2025 20:50;18/10/2025 21:50;0;;AT401;;293;;;
19/10/2025 15:10;19/10/2025 15:30;0;;AT977;;348;;;
19/10/2025 15:40;19/10/2025 16:40;0;;AT1402;;348;;;
19/10/2025 21:20;19/10/2025 22:20;0;;AT527;;348;;;
13/10/2025 00:55;13/10/2025 02:25;1,5;;AT248;;19;;;
13/10/2025 14:35;13/10/2025 16:05;1,5;;AT218;;19;;;
13/10/2025 19:55;13/10/2025 20:15;0,33;;AT951;;19;;;
13/10/2025 21:25;13/10/2025 22:25;1;;AT507;;19;;;
16/10/2025 14:00;16/10/2025 15:50;1,83;;QR1395;;175;;;
16/10/2025 17:10;16/10/2025 17:30;0,33;;AT725;;175;;;
16/10/2025 19:00;16/10/2025 20:50;1,83;;QR1396;;175;;;
16/10/2025 21:30;16/10/2025 22:30;1;;TB7352;;175;;;
17/10/2025 14:00;17/10/2025 16:00;2;;QR1395;;233;;;
17/10/2025 19:00;17/10/2025 21:00;2;;QR1396;;233;;;
17/10/2025 19:55;17/10/2025 20:15;0,33;;AT951;;233;;;
18/10/2025 14:25;18/10/2025 15:55;0;;AT200;;294;;;
18/10/2025 17:35;18/10/2025 19:25;0;;QR1396;;294;;;
19/10/2025 15:15;19/10/2025 16:45;0;;AT210;;349;;;
19/10/2025 20:50;19/10/2025 21:10;0;;AT911;;349;;;
19/10/2025 21:50;19/10/2025 22:10;0;;AT951;;349;;;
14/10/2025 06:05;14/10/2025 06:25;0,33;;AT544;;72;;;
14/10/2025 07:50;14/10/2025 08:10;0,33;;AT471;;72;;;
14/10/2025 08:15;14/10/2025 09:15;1;;AT1435;;72;;;
14/10/2025 11:05;14/10/2025 11:25;0,33;;AT554;;72;;;
14/10/2025 12:25;14/10/2025 13:25;1;;AT832;;72;;;
15/10/2025 06:15;15/10/2025 06:35;0,33;;AT578;;121;;;
15/10/2025 07:05;15/10/2025 08:05;1;;AT792;;121;;;
15/10/2025 09:05;15/10/2025 09:25;0,33;;AT1461;;121;;;
15/10/2025 09:40;15/10/2025 10:40;1;;AT924;;121;;;
15/10/2025 12:25;15/10/2025 13:25;1;;AT832;;121;;;
16/10/2025 14:25;16/10/2025 15:25;1;;AT714;;176;;;
16/10/2025 19:55;16/10/2025 20:15;0,33;;AT951;;176;;;
16/10/2025 21:20;16/10/2025 21:40;0,33;;AT985;;176;;;
16/10/2025 22:00;16/10/2025 23:00;1;;AT1446;;176;;;
17/10/2025 14:45;17/10/2025 15:05;0,33;;AT571;;234;;;
17/10/2025 15:20;17/10/2025 16:20;1;;AT1414;;234;;;
17/10/2025 20:55;17/10/2025 21:15;0,33;;AT573;;234;;;
17/10/2025 21:30;17/10/2025 21:50;0,33;;AT1437;;234;;;
17/10/2025 21:55;17/10/2025 22:55;1;;AT440;;234;;;
18/10/2025 19:30;18/10/2025 19:50;0;;AT412;;295;;;
18/10/2025 20:40;18/10/2025 21:00;0;;AT971;;295;;;
19/10/2025 00:01;19/10/2025 01:01;0;;AT587;;350;;;
13/10/2025 06:25;13/10/2025 06:45;0,33;;AT500;;20;;;
13/10/2025 06:30;13/10/2025 06:50;0,33;;AT522;;20;;;
13/10/2025 07:05;13/10/2025 08:05;1;;AT716;;20;;;
13/10/2025 09:30;13/10/2025 09:50;0,33;;AT219;;20;;;
13/10/2025 11:00;13/10/2025 11:20;0,33;;AT211;;20;;;
13/10/2025 12:25;13/10/2025 13:25;1;;AT800;;20;;;
13/10/2025 14:05;13/10/2025 14:25;0,33;;AT973;;20;;;
14/10/2025 07:25;14/10/2025 08:25;1;;AT1422;;73;;;
14/10/2025 09:00;14/10/2025 10:00;1;;CTRL DOSSEIRS;;73;;;
14/10/2025 11:00;14/10/2025 11:20;0,33;;AT777;;73;;;
14/10/2025 11:30;14/10/2025 12:30;1;;AT850;;73;;;
14/10/2025 13:25;14/10/2025 13:45;0,33;;AT1453;;73;;;
15/10/2025 06:50;15/10/2025 07:50;1;;AT570;;122;;;
15/10/2025 08:45;15/10/2025 09:05;0,33;;AT201;;122;;;
15/10/2025 10:50;15/10/2025 11:10;0,33;;AT554;;122;;;
15/10/2025 11:55;15/10/2025 12:55;1;;AT952;;122;;;
16/10/2025 06:00;16/10/2025 10:35;4,58;;COORDINATION;;177;;;
16/10/2025 11:00;16/10/2025 12:00;1;;AT270;;177;;;
16/10/2025 12:55;16/10/2025 13:55;1;;AT572;;177;;;
17/10/2025 10:50;17/10/2025 11:10;0,33;;AT554;;235;;;
17/10/2025 11:25;17/10/2025 12:25;1;;AT810;;235;;;
17/10/2025 13:20;17/10/2025 13:40;0,33;;AT793;;235;;;
17/10/2025 13:55;17/10/2025 14:55;1;;AT720;;235;;;
17/10/2025 15:40;17/10/2025 16:40;1;;AT1402;;235;;;
14/10/2025 06:40;14/10/2025 07:00;0,33;;AT526;;74;;;
14/10/2025 07:30;14/10/2025 08:30;1;;AT409;;74;;;
14/10/2025 10:00;14/10/2025 11:00;1;;CTRL DOSSEIRS;;74;;;
14/10/2025 11:30;14/10/2025 11:50;0,33;;AT507;;74;;;
14/10/2025 12:25;14/10/2025 13:25;1;;AT788;;74;;;
15/10/2025 06:00;15/10/2025 08:00;2;;SV376;;123;;;
15/10/2025 08:15;15/10/2025 09:15;1;;FEDEX;;123;;;
15/10/2025 10:30;15/10/2025 10:50;0,33;;AT532;;123;;;
15/10/2025 11:30;15/10/2025 14:30;3;;SV372;;123;;;
16/10/2025 08:45;16/10/2025 10:15;1,5;;AT910;;178;;;
16/10/2025 10:30;16/10/2025 10:50;0,33;;AT211;;178;;;
16/10/2025 12:30;16/10/2025 14:55;2,42;;SV372;;178;;;
17/10/2025 14:45;17/10/2025 15:05;0,33;;AT955;;236;;;
17/10/2025 21:00;17/10/2025 21:20;0,33;;AT771;;236;;;
18/10/2025 14:05;18/10/2025 14:25;0;;AT422;;296;;;
18/10/2025 15:35;18/10/2025 15:55;0;;AT943;;296;;;
18/10/2025 16:05;18/10/2025 17:05;0;;AT982;;296;;;
18/10/2025 18:05;18/10/2025 20:25;0;;SV374;;296;;;
18/10/2025 20:50;18/10/2025 21:10;0;;AT911;;296;;;
13/10/2025 06:45;13/10/2025 07:15;0,5;;FEDEX;;21;;;
13/10/2025 07:30;13/10/2025 08:30;1;;AT1410;;21;;;
13/10/2025 10:25;13/10/2025 10:45;0,33;;AT1421;;21;;;
13/10/2025 11:00;13/10/2025 12:00;1;;AT411;;21;;;
13/10/2025 13:25;13/10/2025 13:45;0,33;;AT1423;;21;;;
13/10/2025 13:55;13/10/2025 14:55;1;;AT720;;21;;;
14/10/2025 10:30;14/10/2025 10:50;0,33;;AT430;;75;;;
14/10/2025 12:00;14/10/2025 13:00;1;;AT930;;75;;;
14/10/2025 14:00;14/10/2025 15:00;1;;AT483;;75;;;
16/10/2025 18:25;16/10/2025 18:45;0,33;;AT412;;179;;;
16/10/2025 18:45;16/10/2025 19:45;1;;AT982;;179;;;
16/10/2025 21:25;16/10/2025 21:45;0,33;;AT977;;179;;;
16/10/2025 21:50;16/10/2025 22:50;1;;AT470;;179;;;
18/10/2025 19:30;18/10/2025 19:50;0;;AT931;;297;;;
18/10/2025 21:10;18/10/2025 21:30;0;;AT721;;297;;;
18/10/2025 22:20;18/10/2025 23:20;0;;AT1460;;297;;;
19/10/2025 00:20;19/10/2025 01:20;0;;AT533;;351;;;
13/10/2025 21:30;13/10/2025 21:50;0,33;;AT715;;22;;;
13/10/2025 21:35;13/10/2025 22:35;1;;AT403;;22;;;
13/10/2025 23:15;13/10/2025 23:35;0,33;;AT879;;22;;;
14/10/2025 00:10;14/10/2025 01:10;1;;AT272;;76;;;
16/10/2025 10:15;16/10/2025 10:35;0,33;;AT430;;180;;;
16/10/2025 10:45;16/10/2025 11:45;1;;AT976;;180;;;
17/10/2025 06:50;17/10/2025 07:10;0,33;;AT400;;237;;;
17/10/2025 07:30;17/10/2025 08:30;1;;AT1410;;237;;;
17/10/2025 10:30;17/10/2025 10:50;0,33;;AT430;;237;;;
17/10/2025 11:45;17/10/2025 12:45;1;;AT968;;237;;;
17/10/2025 14:10;17/10/2025 14:30;0,33;;AT410;;237;;;
18/10/2025 14:50;18/10/2025 15:50;0;;AT798;;298;;;
18/10/2025 16:50;18/10/2025 17:10;0;;AT969;;298;;;
18/10/2025 19:15;18/10/2025 19:35;0;;AT765;;298;;;
18/10/2025 21:50;18/10/2025 22:50;0;;AT470;;298;;;
19/10/2025 15:35;19/10/2025 16:35;0;;AT413;;352;;;
19/10/2025 20:50;19/10/2025 21:10;0;;AT799;;352;;;
19/10/2025 21:25;19/10/2025 22:25;0;;AT1420;;352;;;
13/10/2025 06:45;13/10/2025 07:45;1;;AT1469;;23;;;
13/10/2025 08:15;13/10/2025 08:35;0,33;;AT441;;23;;;
13/10/2025 10:55;13/10/2025 11:15;0,33;;AT205;;23;;;
13/10/2025 11:45;13/10/2025 12:45;1;;AT968;;23;;;
13/10/2025 13:25;13/10/2025 13:45;0,33;;AT273;;23;;;
13/10/2025 14:25;13/10/2025 14:45;0,33;;AT410;;23;;;
14/10/2025 08:10;14/10/2025 08:30;0,33;;AT1447;;77;;;
14/10/2025 08:55;14/10/2025 09:55;1;;AT1452;;77;;;
14/10/2025 11:05;14/10/2025 11:25;0,33;;AT402;;77;;;
14/10/2025 11:45;14/10/2025 12:45;1;;AT968;;77;;;
14/10/2025 13:10;14/10/2025 13:30;0,33;;AT273;;77;;;
15/10/2025 15:00;15/10/2025 15:20;0,33;;AT761;;124;;;
15/10/2025 15:40;15/10/2025 16:40;1;;AT1402;;124;;;
15/10/2025 19:15;15/10/2025 19:35;0,33;;AT412;;124;;;
15/10/2025 20:55;15/10/2025 21:15;0,33;;AT969;;124;;;
15/10/2025 22:00;15/10/2025 23:00;1;;AT1446;;124;;;
16/10/2025 14:20;16/10/2025 14:40;0,33;;AT981;;181;;;
16/10/2025 15:25;16/10/2025 16:25;1;;AT970;;181;;;
16/10/2025 17:15;16/10/2025 18:15;1;;AT1412;;181;;;
16/10/2025 21:10;16/10/2025 21:30;0,33;;AT801;;181;;;
16/10/2025 21:35;16/10/2025 22:35;1;;AT403;;181;;;
17/10/2025 19:40;17/10/2025 20:00;0,33;;AT941;;238;;;
17/10/2025 20:50;17/10/2025 21:50;1;;AT401;;238;;;
17/10/2025 22:55;17/10/2025 23:15;0,33;;AT751;;238;;;
17/10/2025 23:20;17/10/2025 23:40;0,33;;AT520;;238;;;
13/10/2025 00:10;13/10/2025 01:10;1;;AT272;;24;;;
15/10/2025 07:15;15/10/2025 08:15;1;;AT944;;125;;;
15/10/2025 10:05;15/10/2025 10:25;0,33;;AT430;;125;;;
15/10/2025 10:30;15/10/2025 11:30;1;;AT411;;125;;;
15/10/2025 12:15;15/10/2025 13:15;1;;AT938;;125;;;
16/10/2025 14:15;16/10/2025 15:15;1;;AT732;;182;;;
16/10/2025 15:40;16/10/2025 16:40;1;;AT1402;;182;;;
16/10/2025 19:50;16/10/2025 20:10;0,33;;AT953;;182;;;
16/10/2025 21:15;16/10/2025 22:15;1;;AT220;;182;;;
17/10/2025 15:25;17/10/2025 16:25;1;;AT970;;239;;;
17/10/2025 19:15;17/10/2025 19:35;0,33;;AT765;;239;;;
17/10/2025 21:15;17/10/2025 22:15;1;;AT220;;239;;;
18/10/2025 14:40;18/10/2025 15:40;0;;AT796;;299;;;
18/10/2025 15:55;18/10/2025 16:15;0;;AT297;;299;;;
18/10/2025 19:55;18/10/2025 20:15;0;;AT951;;299;;;
18/10/2025 21:25;18/10/2025 22:25;0;;AT1420;;299;;;
19/10/2025 20:40;19/10/2025 21:00;0;;AT971;;353;;;
19/10/2025 21:50;19/10/2025 22:50;0;;AT1400;;353;;;
13/10/2025 20:55;13/10/2025 21:15;0,33;;AT573;;25;;;
13/10/2025 21:20;13/10/2025 21:40;0,33;;AT985;;25;;;
13/10/2025 22:15;13/10/2025 23:15;1;;AT431;;25;;;
14/10/2025 00:20;14/10/2025 01:20;1;;AT533;;78;;;
16/10/2025 07:25;16/10/2025 08:25;1;;AT1422;;183;;;
16/10/2025 09:55;16/10/2025 10:55;1;;AT980;;183;;;
16/10/2025 12:25;16/10/2025 13:25;1;;AT832;;183;;;
16/10/2025 13:30;16/10/2025 14:30;1;;TB7068;;183;;;
17/10/2025 06:50;17/10/2025 07:50;1;;AT570;;240;;;
17/10/2025 08:40;17/10/2025 09:40;1;;AT964;;240;;;
17/10/2025 10:15;17/10/2025 10:35;0,33;;AT1411;;240;;;
17/10/2025 11:35;17/10/2025 11:55;0,33;;AT285;;240;;;
17/10/2025 12:05;17/10/2025 13:05;1;;AT950;;240;;;
17/10/2025 13:25;17/10/2025 13:45;0,33;;AT422;;240;;;
18/10/2025 16:55;18/10/2025 17:15;0;;AT945;;300;;;
18/10/2025 17:15;18/10/2025 18:15;0;;AT1412;;300;;;
18/10/2025 19:40;18/10/2025 20:00;0;;AT941;;300;;;
18/10/2025 21:20;18/10/2025 22:20;0;;AT547;;300;;;
19/10/2025 14:20;19/10/2025 14:40;0;;AT410;;354;;;
19/10/2025 14:50;19/10/2025 15:10;0;;AT947;;354;;;
19/10/2025 15:15;19/10/2025 16:15;0;;AT425;;354;;;
19/10/2025 19:35;19/10/2025 19:55;0;;AT803;;354;;;
19/10/2025 21:15;19/10/2025 22:15;0;;AT220;;354;;;
13/10/2025 06:00;13/10/2025 10:35;4,58;;COORDINATION;;26;;;
13/10/2025 10:30;13/10/2025 10:50;0,33;;AT430;;26;;;
13/10/2025 11:00;13/10/2025 12:00;1;;AT270;;26;;;
13/10/2025 12:50;13/10/2025 13:10;0,33;;AT290;;26;;;
13/10/2025 13:15;13/10/2025 14:15;1;;AT770;;26;;;
15/10/2025 14:05;15/10/2025 15:05;1;;AT716;;126;;;
15/10/2025 16:00;15/10/2025 17:00;1;;AT521;;126;;;
15/10/2025 19:50;15/10/2025 20:10;0,33;;AT803;;126;;;
15/10/2025 21:20;15/10/2025 22:20;1;;AT220;;126;;;
16/10/2025 19:35;16/10/2025 19:55;0,33;;AT803;;184;;;
16/10/2025 22:00;16/10/2025 23:00;1;;AT597;;184;;;
17/10/2025 20:50;17/10/2025 21:50;1;;AT429;;241;;;
17/10/2025 21:50;17/10/2025 22:10;0,33;;AT502;;241;;;
18/10/2025 22:20;18/10/2025 22:40;0;;AT203;;301;;;
18/10/2025 23:00;18/10/2025 23:20;0;;AT751;;301;;;
19/10/2025 01:50;19/10/2025 02:50;0;;AT702;;355;;;
19/10/2025 04:30;19/10/2025 06:00;0;;AT352;;355;;;
15/10/2025 08:05;15/10/2025 09:05;1;;AT1430;;127;;;
15/10/2025 11:20;15/10/2025 11:40;0,33;;AT586;;127;;;
15/10/2025 12:05;15/10/2025 13:05;1;;AT950;;127;;;
15/10/2025 14:00;15/10/2025 14:20;0,33;;AT989;;127;;;
16/10/2025 06:00;16/10/2025 10:40;4,67;;COORDINATION;;185;;;
16/10/2025 12:00;16/10/2025 13:00;1;;AT930;;185;;;
16/10/2025 13:40;16/10/2025 14:40;1;;AT788;;185;;;
13/10/2025 14:20;13/10/2025 14:40;0,33;;AT981;;27;;;
13/10/2025 15:20;13/10/2025 16:50;1,5;;AT215;;27;;;
13/10/2025 19:15;13/10/2025 19:35;0,33;;AT765;;27;;;
13/10/2025 21:10;13/10/2025 21:30;0,33;;AT801;;27;;;
16/10/2025 09:00;16/10/2025 09:20;0,33;;AT219;;186;;;
16/10/2025 10:25;16/10/2025 10:45;0,33;;AT1421;;186;;;
16/10/2025 11:40;16/10/2025 12:40;1;;IB1356;;186;;;
16/10/2025 13:55;16/10/2025 14:55;1;;AT720;;186;;;
17/10/2025 09:15;17/10/2025 09:35;0,33;;AT201;;242;;;
17/10/2025 12:15;17/10/2025 14:30;2,25;;EK752;;242;;;
17/10/2025 15:35;17/10/2025 16:35;1;;AT413;;242;;;
18/10/2025 08:45;18/10/2025 10:15;0;;AT910;;302;;;
18/10/2025 12:35;18/10/2025 15:00;0;;EK752;;302;;;
19/10/2025 06:00;19/10/2025 06:20;0;;AT522;;356;;;
19/10/2025 06:30;19/10/2025 08:00;0;;AT206;;356;;;
19/10/2025 09:05;19/10/2025 09:25;0;;AT1461;;356;;;
19/10/2025 09:40;19/10/2025 10:40;0;;AT924;;356;;;
15/10/2025 06:05;15/10/2025 06:25;0,33;;AT510;;128;;;
13/10/2025 06:20;13/10/2025 06:40;0,33;;AT510;;28;;;
13/10/2025 06:50;13/10/2025 07:50;1;;AT570;;28;;;
13/10/2025 08:50;13/10/2025 09:50;1;;AT972;;28;;;
13/10/2025 11:10;13/10/2025 11:30;0,33;;AT514;;28;;;
13/10/2025 12:05;13/10/2025 13:05;1;;AT950;;28;;;
14/10/2025 06:00;14/10/2025 11:00;5;;COORDO;;79;;;
14/10/2025 11:45;14/10/2025 12:45;1;;TB7221;;79;;;
14/10/2025 13:00;14/10/2025 14:00;1;;AT503;;79;;;
15/10/2025 06:30;15/10/2025 06:50;0,33;;AT522;;129;;;
15/10/2025 08:15;15/10/2025 08:35;0,33;;AT441;;129;;;
15/10/2025 09:20;15/10/2025 10:20;1;;AT774;;129;;;
15/10/2025 12:40;15/10/2025 13:00;0,33;;AT422;;129;;;
15/10/2025 13:15;15/10/2025 14:15;1;;AT770;;129;;;
16/10/2025 08:00;16/10/2025 10:20;2,33;;FM882;;187;;;
16/10/2025 11:35;16/10/2025 11:55;0,33;;AT509;;187;;;
16/10/2025 12:40;16/10/2025 13:40;1;;AT800;;187;;;
17/10/2025 05:25;17/10/2025 06:25;1;;AT8170;;243;;;
17/10/2025 06:55;17/10/2025 07:15;0,33;;AT526;;243;;;
17/10/2025 07:35;17/10/2025 08:35;1;;AT716;;243;;;
13/10/2025 00:10;13/10/2025 01:10;1;;AT555;;29;;;
13/10/2025 20:35;13/10/2025 20:55;0,33;;AT833;;29;;;
13/10/2025 21:00;13/10/2025 21:20;0,33;;AT733;;29;;;
13/10/2025 22:45;13/10/2025 23:45;1;;AT511;;29;;;
14/10/2025 01:00;14/10/2025 02:00;1;;TU706;;80;;;
16/10/2025 06:10;16/10/2025 07:10;1;;AT433;;188;;;
16/10/2025 08:15;16/10/2025 09:15;1;;AT994;;188;;;
16/10/2025 10:30;16/10/2025 10:50;0,33;;AT777;;188;;;
16/10/2025 11:10;16/10/2025 12:10;1;;AT810;;188;;;
16/10/2025 13:25;16/10/2025 13:45;0,33;;AT1423;;188;;;
16/10/2025 13:45;16/10/2025 14:05;0,33;;AT410;;188;;;
17/10/2025 06:45;17/10/2025 07:05;0,33;;AT578;;244;;;
17/10/2025 07:25;17/10/2025 08:25;1;;AT1422;;244;;;
17/10/2025 10:40;17/10/2025 11:00;0,33;;AT408;;244;;;
17/10/2025 11:00;17/10/2025 12:00;1;;AT411;;244;;;
17/10/2025 12:55;17/10/2025 13:55;1;;AT572;;244;;;
18/10/2025 06:05;18/10/2025 06:25;0;;AT510;;303;;;
18/10/2025 07:30;18/10/2025 08:30;0;;AT409;;303;;;
18/10/2025 10:35;18/10/2025 10:55;0;;AT408;;303;;;
18/10/2025 12:15;18/10/2025 12:35;0;;AT1411;;303;;;
18/10/2025 13:00;18/10/2025 14:00;0;;AT934;;303;;;
19/10/2025 20:15;19/10/2025 20:35;0;;AT1403;;357;;;
19/10/2025 20:50;19/10/2025 21:50;0;;AT429;;357;;;
19/10/2025 23:05;19/10/2025 23:25;0;;AT751;;357;;;
13/10/2025 06:00;13/10/2025 11:00;5;;COORDINATION;;30;;;
13/10/2025 11:00;13/10/2025 11:20;0,33;;AT777;;30;;;
13/10/2025 11:35;13/10/2025 12:35;1;;AT940;;30;;;
13/10/2025 13:25;13/10/2025 14:25;1;;TB7067;;30;;;
13/10/2025 14:00;13/10/2025 15:00;1;;;;30;;;
14/10/2025 06:50;14/10/2025 07:50;1;;AT570;;81;;;
14/10/2025 09:10;14/10/2025 09:30;0,33;;AT209;;81;;;
14/10/2025 10:00;14/10/2025 11:00;1;;CTRL DOSSEIRS;;81;;;
14/10/2025 11:45;14/10/2025 12:05;0,33;;AT1411;;81;;;
14/10/2025 12:25;14/10/2025 13:25;1;;AT800;;81;;;
15/10/2025 14:35;15/10/2025 16:05;1,5;;AT218;;130;;;
15/10/2025 18:35;15/10/2025 20:00;1,42;;HV5750;;130;;;
15/10/2025 20:55;15/10/2025 21:15;0,33;;AT971;;130;;;
16/10/2025 15:20;16/10/2025 15:40;0,33;;AT716;;189;;;
16/10/2025 16:30;16/10/2025 17:20;0,83;;TO3069;;189;;;
16/10/2025 20:35;16/10/2025 20:55;0,33;;AT911;;189;;;
16/10/2025 21:10;16/10/2025 22:40;1,5;;AT501;;189;;;
17/10/2025 19:45;17/10/2025 20:05;0,33;;AT983;;245;;;
17/10/2025 21:15;17/10/2025 22:15;1;;AT291;;245;;;
13/10/2025 08:45;13/10/2025 10:15;1,5;;AT910;;31;;;
13/10/2025 11:40;13/10/2025 15:00;3,33;;EK752;;31;;;
14/10/2025 19:55;14/10/2025 20:15;0,33;;AT438;;82;;;
14/10/2025 20:35;14/10/2025 20:55;0,33;;AT911;;82;;;
14/10/2025 21:10;14/10/2025 22:40;1,5;;AT501;;82;;;
17/10/2025 09:55;17/10/2025 10:15;0,33;;AT209;;246;;;
17/10/2025 12:05;17/10/2025 17:05;5;;FM782;;246;;;
18/10/2025 08:50;18/10/2025 09:50;0;;AT972;;304;;;
18/10/2025 12:10;18/10/2025 13:00;0;;TB7501;;304;;;
18/10/2025 13:00;18/10/2025 13:35;0;;TB7502;;304;;;
19/10/2025 08:40;19/10/2025 09:40;0;;AT964;;358;;;
19/10/2025 10:30;19/10/2025 10:50;0;;AT430;;358;;;
19/10/2025 12:25;19/10/2025 15:00;0;;EK752;;358;;;
13/10/2025 00:35;13/10/2025 01:35;1;;AT515;;32;;;
15/10/2025 14:00;15/10/2025 20:00;6;;COORDINATION;;131;;;
15/10/2025 20:15;15/10/2025 20:35;0,33;;AT811;;131;;;
15/10/2025 21:35;15/10/2025 22:35;1;;AT403;;131;;;
16/10/2025 14:45;16/10/2025 15:05;0,33;;AT571;;190;;;
16/10/2025 15:25;16/10/2025 16:25;1;;AT503;;190;;;
16/10/2025 19:50;16/10/2025 20:10;0,33;;AT249;;190;;;
16/10/2025 21:20;16/10/2025 22:20;1;;AT547;;190;;;
17/10/2025 15:05;17/10/2025 16:05;1;;AT960;;247;;;
17/10/2025 18:55;17/10/2025 19:15;0,33;;AT1431;;247;;;
17/10/2025 20:50;17/10/2025 21:10;0,33;;AT797;;247;;;
17/10/2025 21:25;17/10/2025 22:25;1;;AT507;;247;;;
18/10/2025 19:50;18/10/2025 20:10;0;;AT953;;305;;;
18/10/2025 21:05;18/10/2025 21:25;0;;AT961;;305;;;
18/10/2025 22:45;18/10/2025 23:45;0;;AT511;;305;;;
19/10/2025 20:00;19/10/2025 20:20;0;;AT247;;359;;;
19/10/2025 21:50;19/10/2025 22:10;0;;AT1413;;359;;;
19/10/2025 22:15;19/10/2025 23:15;0;;AT431;;359;;;
15/10/2025 06:40;15/10/2025 07:00;0,33;;AT546;;132;;;
15/10/2025 07:25;15/10/2025 08:25;1;;AT1422;;132;;;
15/10/2025 11:00;15/10/2025 11:20;0,33;;AT777;;132;;;
15/10/2025 13:00;15/10/2025 14:00;1;;AT503;;132;;;
16/10/2025 05:15;16/10/2025 06:15;1;;TB7067;;191;;;
16/10/2025 07:10;16/10/2025 08:10;1;;AT760;;191;;;
16/10/2025 09:05;16/10/2025 09:25;0,33;;AT1461;;191;;;
16/10/2025 10:00;16/10/2025 14:35;4,58;;COORDINATION;;191;;;
17/10/2025 06:35;17/10/2025 07:35;1;;TB7501;;248;;;
17/10/2025 08:35;17/10/2025 08:55;0,33;;AT471;;248;;;
17/10/2025 09:45;17/10/2025 10:45;1;;L6115;;248;;;
17/10/2025 12:40;17/10/2025 13:40;1;;AT800;;248;;;
18/10/2025 06:20;18/10/2025 06:40;0;;AT400;;306;;;
18/10/2025 06:50;18/10/2025 07:50;0;;AT570;;306;;;
18/10/2025 08:15;18/10/2025 08:35;0;;AT441;;306;;;
18/10/2025 08:55;18/10/2025 09:55;0;;AT1452;;306;;;
19/10/2025 07:25;19/10/2025 08:25;0;;AT1422;;360;;;
19/10/2025 09:10;19/10/2025 09:30;0;;AT209;;360;;;
19/10/2025 11:25;19/10/2025 11:45;0;;AT221;;360;;;
19/10/2025 11:55;19/10/2025 12:55;0;;AT952;;360;;;
19/10/2025 13:55;19/10/2025 14:55;0;;AT720;;360;;;
13/10/2025 14:15;13/10/2025 15:15;1;;AT732;;33;;;
13/10/2025 15:40;13/10/2025 16:40;1;;AT1402;;33;;;
13/10/2025 19:30;13/10/2025 19:50;0,33;;AT412;;33;;;
13/10/2025 21:05;13/10/2025 21:25;0,33;;AT961;;33;;;
13/10/2025 21:45;13/10/2025 22:45;1;;AT523;;33;;;
14/10/2025 21:15;14/10/2025 21:35;0,33;;AT819;;83;;;
14/10/2025 22:45;14/10/2025 23:45;1;;AT511;;83;;;
15/10/2025 01:10;15/10/2025 02:40;1,5;;AT248;;133;;;
17/10/2025 15:15;17/10/2025 16:45;1,5;;AT210;;249;;;
17/10/2025 20:00;17/10/2025 20:20;0,33;;AT247;;249;;;
17/10/2025 20:55;17/10/2025 21:15;0,33;;AT231;;249;;;
17/10/2025 21:20;17/10/2025 22:20;1;;AT527;;249;;;
18/10/2025 14:05;18/10/2025 14:25;0;;AT973;;307;;;
18/10/2025 14:45;18/10/2025 15:05;0;;AT761;;307;;;
18/10/2025 15:15;18/10/2025 16:15;0;;AT732;;307;;;
18/10/2025 20:15;18/10/2025 20:35;0;;AT811;;307;;;
18/10/2025 22:00;18/10/2025 23:00;0;;AT1446;;307;;;
19/10/2025 14:40;19/10/2025 15:00;0;;AT965;;361;;;
19/10/2025 15:20;19/10/2025 16:20;0;;AT982;;361;;;
19/10/2025 17:35;19/10/2025 18:35;0;;AT1416;;361;;;
19/10/2025 21:10;19/10/2025 21:30;0;;AT721;;361;;;
19/10/2025 22:05;19/10/2025 23:05;0;;AT403;;361;;;
13/10/2025 14:05;13/10/2025 14:25;0,33;;AT422;;34;;;
13/10/2025 14:40;13/10/2025 15:00;0,33;;AT965;;34;;;
13/10/2025 15:15;13/10/2025 16:15;1;;AT425;;34;;;
13/10/2025 19:40;13/10/2025 20:00;0,33;;AT941;;34;;;
13/10/2025 21:10;13/10/2025 21:30;0,33;;AT721;;34;;;
13/10/2025 21:50;13/10/2025 22:50;1;;AT1400;;34;;;
14/10/2025 19:50;14/10/2025 20:10;0,33;;AT249;;84;;;
14/10/2025 20:55;14/10/2025 21:15;0,33;;AT573;;84;;;
14/10/2025 21:15;14/10/2025 21:35;0,33;;AT502;;84;;;
14/10/2025 22:20;14/10/2025 23:20;1;;AT263;;84;;;
15/10/2025 00:20;15/10/2025 01:20;1;;AT533;;134;;;
17/10/2025 06:35;17/10/2025 06:55;0,33;;AT544;;250;;;
17/10/2025 07:05;17/10/2025 08:05;1;;AT792;;250;;;
17/10/2025 08:55;17/10/2025 09:55;1;;AT1452;;250;;;
17/10/2025 11:50;17/10/2025 12:10;0,33;;AT569;;250;;;
17/10/2025 12:15;17/10/2025 13:15;1;;AT938;;250;;;
18/10/2025 06:10;18/10/2025 06:30;0;;AT500;;308;;;
18/10/2025 08:00;18/10/2025 09:00;0;;AT986;;308;;;
18/10/2025 11:10;18/10/2025 11:30;0;;AT514;;308;;;
18/10/2025 11:35;18/10/2025 12:35;0;;AT940;;308;;;
18/10/2025 13:30;18/10/2025 13:50;0;;AT266;;308;;;
19/10/2025 14:20;19/10/2025 14:40;0;;AT719;;362;;;
19/10/2025 14:50;19/10/2025 15:50;0;;AT798;;362;;;
19/10/2025 16:50;19/10/2025 17:10;0;;AT969;;362;;;
19/10/2025 17:15;19/10/2025 18:15;0;;AT984;;362;;;
19/10/2025 20:15;19/10/2025 20:35;0;;AT811;;362;;;
19/10/2025 21:55;19/10/2025 22:55;0;;AT579;;362;;;
13/10/2025 06:00;13/10/2025 09:00;3;;GF142;;35;;;
13/10/2025 12:15;13/10/2025 12:35;0,33;;AT1411;;35;;;
13/10/2025 12:55;13/10/2025 13:55;1;;AT572;;35;;;
16/10/2025 07:00;16/10/2025 09:00;2;;EY758;;192;;;
16/10/2025 10:45;16/10/2025 11:05;0,33;;AT532;;192;;;
16/10/2025 11:30;16/10/2025 12:30;1;;AT802;;192;;;
16/10/2025 13:20;16/10/2025 13:40;0,33;;AT297;;192;;;
17/10/2025 07:35;17/10/2025 09:05;1,5;;EY758;;251;;;
17/10/2025 12:25;17/10/2025 13:25;1;;AT832;;251;;;
17/10/2025 14:20;17/10/2025 14:40;0,33;;AT989;;251;;;
18/10/2025 06:00;18/10/2025 09:00;0;;GF142;;309;;;
18/10/2025 10:40;18/10/2025 11:00;0;;AT205;;309;;;
18/10/2025 12:40;18/10/2025 14:10;0;;AT216;;309;;;
19/10/2025 07:20;19/10/2025 09:05;0;;EY758;;363;;;
19/10/2025 11:10;19/10/2025 11:30;0;;AT554;;363;;;
19/10/2025 12:40;19/10/2025 14:10;0;;AT216;;363;;;
18/10/2025 08:30;18/10/2025 08:50;0;;AT219;;310;;;
18/10/2025 12:50;18/10/2025 13:10;0;;AT290;;310;;;
18/10/2025 13:25;18/10/2025 14:25;0;;AT832;;310;;;
18/10/2025 15:05;18/10/2025 16:35;0;;AT230;;310;;;
19/10/2025 05:20;19/10/2025 06:20;0;;AT8140;;364;;;
19/10/2025 07:10;19/10/2025 07:30;0;;AT217;;364;;;
19/10/2025 07:30;19/10/2025 08:30;0;;AT1410;;364;;;
19/10/2025 10:35;19/10/2025 10:55;0;;AT292;;364;;;
19/10/2025 11:35;19/10/2025 12:35;0;;IB1356;;364;;;
13/10/2025 04:00;13/10/2025 05:00;1;;TB7351;;36;;;
13/10/2025 06:15;13/10/2025 06:35;0,33;;AT578;;36;;;
13/10/2025 07:25;13/10/2025 07:45;0,33;;AT217;;36;;;
13/10/2025 08:40;13/10/2025 09:40;1;;AT964;;36;;;
13/10/2025 11:20;13/10/2025 11:40;0,33;;AT509;;36;;;
13/10/2025 11:55;13/10/2025 12:55;1;;AT952;;36;;;
14/10/2025 07:25;14/10/2025 07:45;0,33;;AT217;;85;;;
14/10/2025 08:30;14/10/2025 08:50;0,33;;AT201;;85;;;
14/10/2025 09:00;14/10/2025 10:00;1;;CTRL DOSSEIRS;;85;;;
14/10/2025 10:50;14/10/2025 12:20;1,5;;AT764;;85;;;
14/10/2025 12:30;14/10/2025 14:30;2;;COORDINATION;;85;;;
15/10/2025 06:25;15/10/2025 07:10;0,75;;TB7501;;135;;;
15/10/2025 08:05;15/10/2025 08:25;0,33;;AT1401;;135;;;
15/10/2025 11:05;15/10/2025 11:25;0,33;;AT402;;135;;;
15/10/2025 12:40;15/10/2025 14:10;1,5;;AT216;;135;;;
16/10/2025 06:40;16/10/2025 07:00;0,33;;AT526;;193;;;
16/10/2025 07:30;16/10/2025 08:30;1;;AT1410;;193;;;
16/10/2025 10:50;16/10/2025 12:20;1,5;;AT764;;193;;;
16/10/2025 13:30;16/10/2025 13:50;0,33;;AT290;;193;;;
17/10/2025 22:15;17/10/2025 23:15;1;;AT431;;252;;;
17/10/2025 23:35;17/10/2025 23:55;0,33;;AT207;;252;;;
14/10/2025 22:20;14/10/2025 23:20;1;;AT1460;;86;;;
15/10/2025 20:20;15/10/2025 20:40;0,33;;AT789;;136;;;
15/10/2025 21:30;15/10/2025 21:50;0,33;;AT931;;136;;;
15/10/2025 22:30;15/10/2025 23:30;1;;AT431;;136;;;
16/10/2025 00:20;16/10/2025 01:20;1;;AT533;;194;;;
18/10/2025 10:20;18/10/2025 10:40;0;;AT553;;311;;;
18/10/2025 13:20;18/10/2025 13:40;0;;AT410;;311;;;
18/10/2025 13:55;18/10/2025 14:55;0;;AT720;;311;;;
13/10/2025 14:00;13/10/2025 16:00;2;;QR1396;;37;;;
13/10/2025 19:00;13/10/2025 21:00;2;;QR1396;;37;;;
13/10/2025 21:15;13/10/2025 21:35;0,33;;AT502;;37;;;
14/10/2025 15:30;14/10/2025 17:20;1,83;;QR1396;;87;;;
14/10/2025 19:20;14/10/2025 20:50;1,5;;QR1396C;;87;;;
14/10/2025 21:00;14/10/2025 21:20;0,33;;AT771;;87;;;
15/10/2025 14:15;15/10/2025 16:05;1,83;;QR1396;;137;;;
15/10/2025 18:00;15/10/2025 19:50;1,83;;QR1396;;137;;;
15/10/2025 21:45;15/10/2025 22:05;0,33;;AT534;;137;;;
18/10/2025 17:35;18/10/2025 19:25;0;;QR1396;;312;;;
18/10/2025 21:15;18/10/2025 22:15;0;;AT220;;312;;;
19/10/2025 21:45;19/10/2025 22:05;0;;AT941;;365;;;
13/10/2025 18:15;13/10/2025 19:15;1;;TB2534;;38;;;
13/10/2025 19:50;13/10/2025 20:10;0,33;;AT953;;38;;;
13/10/2025 21:30;13/10/2025 22:30;1;;AT593;;38;;;
14/10/2025 15:50;14/10/2025 17:20;1,5;;AT208;;88;;;
14/10/2025 20:15;14/10/2025 20:35;0,33;;AT851;;88;;;
14/10/2025 21:20;14/10/2025 22:20;1;;AT547;;88;;;
15/10/2025 14:00;15/10/2025 15:00;1;;SV RLV;;138;;;
15/10/2025 14:40;15/10/2025 15:00;0,33;;AT965;;138;;;
15/10/2025 15:25;15/10/2025 16:25;1;;AT970;;138;;;
15/10/2025 15:50;15/10/2025 17:20;1,5;;AT208;;138;;;
15/10/2025 18:00;15/10/2025 19:25;1,42;;TB2534;;138;;;
15/10/2025 20:55;15/10/2025 21:15;0,33;;AT717;;138;;;
15/10/2025 21:45;15/10/2025 22:45;1;;AT523;;138;;;
16/10/2025 14:40;16/10/2025 15:00;0,33;;AT965;;195;;;
16/10/2025 15:30;16/10/2025 16:30;1;;AT750;;195;;;
16/10/2025 18:20;16/10/2025 18:40;0,33;;AT4324;;195;;;
16/10/2025 20:15;16/10/2025 20:35;0,33;;AT851;;195;;;
16/10/2025 21:20;16/10/2025 22:20;1;;AT527;;195;;;
17/10/2025 14:25;17/10/2025 15:55;1,5;;AT200;;253;;;
17/10/2025 14:30;17/10/2025 14:50;0,33;;AT925;;253;;;
17/10/2025 20:40;17/10/2025 21:00;0,33;;AT971;;253;;;
17/10/2025 22:00;17/10/2025 23:00;1;;AT267;;253;;;
14/10/2025 08:45;14/10/2025 09:25;0,67;;FEDEX;;89;;;
14/10/2025 10:00;14/10/2025 11:00;1;;CTRL DOSSEIRS;;89;;;
14/10/2025 11:10;14/10/2025 11:30;0,33;;AT514;;89;;;
14/10/2025 11:55;14/10/2025 12:55;1;;AT952;;89;;;
14/10/2025 13:55;14/10/2025 14:55;1;;AT720;;89;;;
15/10/2025 15:05;15/10/2025 15:25;0,33;;AT945;;139;;;
15/10/2025 15:35;15/10/2025 16:35;1;;AT1414;;139;;;
15/10/2025 20:05;15/10/2025 20:25;0,33;;AT249;;139;;;
15/10/2025 21:10;15/10/2025 21:30;0,33;;AT801;;139;;;
15/10/2025 22:00;15/10/2025 23:00;1;;AT267;;139;;;
16/10/2025 14:10;16/10/2025 15:10;1;;AT529;;196;;;
16/10/2025 17:15;16/10/2025 18:15;1;;AT984;;196;;;
16/10/2025 21:00;16/10/2025 21:20;0,33;;AT771;;196;;;
16/10/2025 21:35;16/10/2025 22:35;1;;AT545;;196;;;
17/10/2025 19:30;17/10/2025 19:50;0,33;;AT931;;254;;;
17/10/2025 21:00;17/10/2025 22:00;1;;AT297;;254;;;
17/10/2025 22:45;17/10/2025 23:45;1;;AT511;;254;;;
18/10/2025 21:05;18/10/2025 21:25;0;;AT799;;313;;;
18/10/2025 22:20;18/10/2025 23:20;0;;AT263;;313;;;
13/10/2025 15:05;13/10/2025 16:05;1;;AT960;;39;;;
13/10/2025 16:55;13/10/2025 17:15;0,33;;AT945;;39;;;
13/10/2025 17:35;13/10/2025 18:35;1;;AT776;;39;;;
13/10/2025 20:30;13/10/2025 20:50;0,33;;AT939;;39;;;
13/10/2025 21:15;13/10/2025 22:15;1;;TB7068;;39;;;
14/10/2025 19:10;14/10/2025 19:30;0,33;;AT412;;90;;;
14/10/2025 20:40;14/10/2025 21:30;0,83;;L6115;;90;;;
14/10/2025 21:45;14/10/2025 22:05;0,33;;AT715;;90;;;
14/10/2025 22:55;14/10/2025 23:15;0,33;;AT482;;90;;;
15/10/2025 00:10;15/10/2025 01:10;1;;AT555;;140;;;
17/10/2025 06:20;17/10/2025 06:40;0,33;;AT510;;255;;;
17/10/2025 06:55;17/10/2025 07:55;1;;AT946;;255;;;
17/10/2025 08:50;17/10/2025 09:50;1;;AT972;;255;;;
17/10/2025 13:05;17/10/2025 14:05;1;;AT770;;255;;;
17/10/2025 13:10;17/10/2025 13:30;0,33;;AT273;;255;;;
18/10/2025 14:45;18/10/2025 15:05;0;;AT955;;314;;;
18/10/2025 15:25;18/10/2025 16:25;0;;AT970;;314;;;
18/10/2025 19:45;18/10/2025 20:05;0;;AT879;;314;;;
18/10/2025 21:10;18/10/2025 21:30;0;;AT801;;314;;;
18/10/2025 22:10;18/10/2025 23:10;0;;AT293;;314;;;
19/10/2025 19:00;19/10/2025 20:00;0;;AT1433;;366;;;
19/10/2025 22:10;19/10/2025 23:10;0;;AT551;;366;;;
13/10/2025 14:25;13/10/2025 15:25;1;;AT714;;40;;;
13/10/2025 19:35;13/10/2025 19:55;0,33;;AT803;;40;;;
13/10/2025 20:50;13/10/2025 21:10;0,33;;AT911;;40;;;
14/10/2025 19:15;14/10/2025 19:35;0,33;;AT983;;91;;;
14/10/2025 20:40;14/10/2025 21:00;0,33;;AT951;;91;;;
14/10/2025 21:20;14/10/2025 22:50;1,5;;AT4919;;91;;;
15/10/2025 00:35;15/10/2025 01:35;1;;AT515;;141;;;
18/10/2025 09:35;18/10/2025 10:35;0;;AT988;;315;;;
18/10/2025 11:35;18/10/2025 12:40;0;;IB1356;;315;;;
18/10/2025 14:00;18/10/2025 15:00;0;;AT483;;315;;;
19/10/2025 08:30;19/10/2025 08:50;0;;AT201;;367;;;
19/10/2025 11:05;19/10/2025 11:25;0;;AT586;;367;;;
19/10/2025 11:30;19/10/2025 12:30;0;;AT850;;367;;;
19/10/2025 13:05;19/10/2025 13:25;0;;AT791;;367;;;
19/10/2025 13:40;19/10/2025 14:40;0;;AT940;;367;;;
19/10/2025 15:55;19/10/2025 16:55;0;;TO3069;;367;;;
13/10/2025 14:40;13/10/2025 15:40;1;;AT794;;41;;;
13/10/2025 21:10;13/10/2025 22:40;1,5;;AT501;;41;;;
16/10/2025 14:20;16/10/2025 14:40;0,33;;AT995;;197;;;
16/10/2025 15:05;16/10/2025 16:35;1,5;;AT230;;197;;;
16/10/2025 19:00;16/10/2025 20:50;1,83;;QR1396;;197;;;
16/10/2025 21:15;16/10/2025 21:35;0,33;;AT819;;197;;;
16/10/2025 22:05;16/10/2025 22:25;0,33;;AT1413;;197;;;
17/10/2025 14:15;17/10/2025 15:15;1;;AT732;;256;;;
17/10/2025 15:50;17/10/2025 17:20;1,5;;AT208;;256;;;
17/10/2025 18:50;17/10/2025 20:50;2;;QR1396;;256;;;
18/10/2025 15:20;18/10/2025 16:50;0;;AT215;;316;;;
18/10/2025 19:50;18/10/2025 20:10;0;;AT249;;316;;;
18/10/2025 21:45;18/10/2025 22:45;0;;AT523;;316;;;
19/10/2025 14:25;19/10/2025 15:55;0;;AT200;;368;;;
19/10/2025 21:10;19/10/2025 22:40;0;;AT501;;368;;;
13/10/2025 06:40;13/10/2025 07:00;0,33;;AT526;;42;;;
13/10/2025 07:05;13/10/2025 08:05;1;;AT792;;42;;;
13/10/2025 09:25;13/10/2025 09:45;0,33;;AT209;;42;;;
13/10/2025 11:40;13/10/2025 12:00;0,33;;AT551;;42;;;
13/10/2025 12:40;13/10/2025 14:10;1,5;;AT216;;42;;;
14/10/2025 20:30;14/10/2025 20:50;0,33;;AT1403;;92;;;
14/10/2025 21:05;14/10/2025 21:25;0,33;;AT985;;92;;;
15/10/2025 00:05;15/10/2025 01:05;1;;PC652;;142;;;
15/10/2025 20:05;15/10/2025 20:25;0,33;;AT4918;;142;;;
15/10/2025 21:10;15/10/2025 22:40;1,5;;AT501;;142;;;
15/10/2025 22:45;16/10/2025 03:15;4,47;;COORDINATION;;142;;;
16/10/2025 21:05;16/10/2025 21:25;0,33;;AT961;;198;;;
16/10/2025 23:00;17/10/2025 00:00;0,98;;PC652;;198;;;
17/10/2025 00:30;17/10/2025 01:00;0,5;;AT271;;257;;;
17/10/2025 01:15;17/10/2025 02:15;1;;TU706;;257;;;
19/10/2025 06:30;19/10/2025 06:50;0;;AT578;;369;;;
19/10/2025 07:05;19/10/2025 08:05;0;;AT718;;369;;;
19/10/2025 10:25;19/10/2025 10:45;0;;AT1421;;369;;;
19/10/2025 11:20;19/10/2025 11:40;0;;AT414;;369;;;
19/10/2025 12:40;19/10/2025 13:40;0;;AT800;;369;;;
13/10/2025 07:50;13/10/2025 08:10;0,33;;AT471;;43;;;
13/10/2025 08:20;13/10/2025 09:20;1;;AT1430;;43;;;
13/10/2025 11:00;13/10/2025 11:20;0,33;;AT532;;43;;;
13/10/2025 11:30;13/10/2025 12:30;1;;AT802;;43;;;
13/10/2025 13:10;13/10/2025 13:30;0,33;;AT1469;;43;;;
13/10/2025 13:45;13/10/2025 14:45;1;;AT1438;;43;;;
14/10/2025 15:00;14/10/2025 15:20;0,33;;AT761;;93;;;
14/10/2025 15:35;14/10/2025 16:35;1;;AT982;;93;;;
14/10/2025 19:30;14/10/2025 19:50;0,33;;AT931;;93;;;
14/10/2025 20:55;14/10/2025 21:15;0,33;;AT231;;93;;;
14/10/2025 22:00;14/10/2025 23:00;1;;AT1446;;93;;;
15/10/2025 14:45;15/10/2025 15:05;0,33;;AT571;;143;;;
15/10/2025 15:35;15/10/2025 16:35;1;;AT968;;143;;;
15/10/2025 20:05;15/10/2025 20:25;0,33;;AT953;;143;;;
15/10/2025 20:50;15/10/2025 21:10;0,33;;AT833;;143;;;
15/10/2025 21:55;15/10/2025 22:55;1;;AT291;;143;;;
16/10/2025 20:30;16/10/2025 21:30;1;;L6115;;199;;;
16/10/2025 23:05;16/10/2025 23:25;0,33;;AT203;;199;;;
16/10/2025 23:15;16/10/2025 23:35;0,33;;AT983;;199;;;
17/10/2025 00:01;17/10/2025 01:00;0,98;;AT569;;258;;;
18/10/2025 20:15;18/10/2025 20:35;0;;AT851;;317;;;
18/10/2025 20:35;18/10/2025 20:55;0;;AT833;;317;;;
18/10/2025 22:15;18/10/2025 23:15;0;;AT431;;317;;;
18/10/2025 23:25;18/10/2025 23:45;0;;AT502;;317;;;
19/10/2025 00:10;19/10/2025 01:10;0;;AT272;;370;;;
19/10/2025 01:20;19/10/2025 02:20;0;;AT844;;370;;;
15/10/2025 09:20;15/10/2025 10:20;1;;AT988;;144;;;
15/10/2025 11:10;15/10/2025 11:30;0,33;;AT514;;144;;;
15/10/2025 11:30;15/10/2025 12:30;1;;AT802;;144;;;
15/10/2025 13:25;15/10/2025 13:45;0,33;;AT1453;;144;;;
15/10/2025 13:45;15/10/2025 14:45;1;;AT1438;;144;;;
17/10/2025 21:45;17/10/2025 22:05;0,33;;AT534;;259;;;
17/10/2025 23:00;18/10/2025 00:00;0,98;;PC652;;259;;;
18/10/2025 20:20;18/10/2025 20:40;0;;AT789;;318;;;
18/10/2025 21:00;18/10/2025 21:20;0;;AT771;;318;;;
18/10/2025 22:45;18/10/2025 23:50;0;;PC652;;318;;;
19/10/2025 19:30;19/10/2025 19:50;0;;AT931;;371;;;
19/10/2025 21:15;19/10/2025 21:35;0;;AT502;;371;;;
19/10/2025 22:50;19/10/2025 23:50;0;;PC652;;371;;;
14/10/2025 14:40;14/10/2025 15:40;1;;AT796;;94;;;
14/10/2025 17:15;14/10/2025 18:15;1;;AT1412;;94;;;
14/10/2025 20:15;14/10/2025 20:35;0,33;;AT811;;94;;;
14/10/2025 21:50;14/10/2025 22:50;1;;AT1400;;94;;;
15/10/2025 20:00;15/10/2025 20:20;0,33;;AT1403;;145;;;
15/10/2025 21:20;15/10/2025 21:40;0,33;;AT911;;145;;;
15/10/2025 22:10;15/10/2025 23:10;1;;AT293;;145;;;
15/10/2025 23:20;15/10/2025 23:40;0,33;;AT520;;145;;;
16/10/2025 00:10;16/10/2025 01:10;1;;AT555;;200;;;
16/10/2025 01:10;16/10/2025 01:30;0,33;;AT424;;200;;;
16/10/2025 19:15;16/10/2025 19:35;0,33;;AT765;;200;;;
16/10/2025 20:55;16/10/2025 21:15;0,33;;AT573;;200;;;
16/10/2025 22:15;16/10/2025 23:15;1;;AT431;;200;;;
16/10/2025 23:30;16/10/2025 23:50;0,33;;AT528;;200;;;
17/10/2025 00:20;17/10/2025 01:20;1;;AT533;;260;;;
18/10/2025 07:00;18/10/2025 08:00;0;;AT778;;319;;;
18/10/2025 11:45;18/10/2025 12:45;0;;AT968;;319;;;
18/10/2025 13:35;18/10/2025 13:55;0;;AT995;;319;;;
19/10/2025 17:35;19/10/2025 18:35;0;;AT776;;372;;;
19/10/2025 19:45;19/10/2025 20:05;0;;AT983;;372;;;
19/10/2025 20:15;19/10/2025 20:35;0;;AT851;;372;;;
19/10/2025 21:35;19/10/2025 22:35;0;;AT545;;372;;;
15/10/2025 08:55;15/10/2025 09:55;1;;AT1452;;146;;;
15/10/2025 11:50;15/10/2025 12:40;0,83;;IB1356;;146;;;
15/10/2025 13:20;15/10/2025 13:40;0,33;;AT793;;146;;;
15/10/2025 13:55;15/10/2025 14:55;1;;AT720;;146;;;
16/10/2025 08:40;16/10/2025 09:40;1;;AT964;;201;;;
16/10/2025 11:05;16/10/2025 11:25;0,33;;AT402;;201;;;
16/10/2025 13:00;16/10/2025 15:25;2,42;;EK752;;201;;;
17/10/2025 14:35;17/10/2025 16:05;1,5;;AT218;;261;;;
17/10/2025 21:10;17/10/2025 21:30;0,33;;AT721;;261;;;
17/10/2025 21:25;17/10/2025 22:25;1;;AT1420;;261;;;
18/10/2025 18:20;18/10/2025 19:20;0;;TO3201;;320;;;
18/10/2025 21:10;18/10/2025 22:40;0;;AT501;;320;;;
19/10/2025 21:00;19/10/2025 21:20;0;;AT771;;373;;;
13/10/2025 14:45;13/10/2025 15:05;0,33;;AT571;;44;;;
13/10/2025 15:25;13/10/2025 16:25;1;;AT970;;44;;;
13/10/2025 19:50;13/10/2025 20:10;0,33;;AT249;;44;;;
13/10/2025 22:10;13/10/2025 23:10;1;;AT553;;44;;;
14/10/2025 19:15;14/10/2025 19:35;0,33;;AT765;;95;;;
14/10/2025 20:35;14/10/2025 20:55;0,33;;AT833;;95;;;
14/10/2025 21:55;14/10/2025 22:55;1;;AT440;;95;;;
15/10/2025 21:15;15/10/2025 21:35;0,33;;AT502;;147;;;
15/10/2025 22:45;15/10/2025 23:45;1;;AT511;;147;;;
16/10/2025 01:00;16/10/2025 02:00;1;;TU706;;202;;;
18/10/2025 08:30;18/10/2025 09:30;0;;AT994;;321;;;
18/10/2025 11:00;18/10/2025 11:20;0;;AT522;;321;;;
18/10/2025 11:30;18/10/2025 12:30;0;;AT802;;321;;;
18/10/2025 13:55;18/10/2025 14:55;0;;AT535;;321;;;
19/10/2025 14:50;19/10/2025 16:20;0;;AT354;;374;;;
19/10/2025 19:15;19/10/2025 19:35;0;;AT412;;374;;;
19/10/2025 21:05;19/10/2025 21:25;0;;AT961;;374;;;
19/10/2025 21:30;19/10/2025 22:30;0;;AT591;;374;;;
14/10/2025 09:00;14/10/2025 09:20;0,33;;AT219;;96;;;
14/10/2025 10:00;14/10/2025 11:00;1;;CTRL DOSSEIRS;;96;;;
14/10/2025 11:45;14/10/2025 14:55;3,17;;EK752;;96;;;
14/10/2025 16:00;14/10/2025 17:00;1;;AT439;;96;;;
15/10/2025 08:45;15/10/2025 10:15;1,5;;AT910;;148;;;
15/10/2025 11:15;15/10/2025 14:45;3,5;;EK752;;148;;;
16/10/2025 20:00;16/10/2025 20:20;0,33;;AT931;;203;;;
16/10/2025 22:45;16/10/2025 23:45;1;;AT511;;203;;;
17/10/2025 00:45;17/10/2025 02:15;1,5;;AT246;;262;;;
19/10/2025 08:45;19/10/2025 10:15;0;;AT910;;375;;;
19/10/2025 11:20;19/10/2025 12:40;0;;FM871;;375;;;
19/10/2025 13:05;19/10/2025 13:25;0;;AT214;;375;;;
19/10/2025 15:00;19/10/2025 17:10;0;;FM872;;375;;;
14/10/2025 01:00;14/10/2025 02:30;1,5;;AT246;;97;;;
16/10/2025 15:05;16/10/2025 16:05;1;;AT960;;204;;;
16/10/2025 18:00;16/10/2025 20:35;2,58;;SV374;;204;;;
16/10/2025 21:25;16/10/2025 22:25;1;;AT1420;;204;;;
17/10/2025 18:15;17/10/2025 18:35;0,33;;AT412;;263;;;
17/10/2025 19:00;17/10/2025 20:00;1;;AT1433;;263;;;
17/10/2025 21:20;17/10/2025 21:40;0,33;;AT985;;263;;;
17/10/2025 22:00;17/10/2025 23:00;1;;AT1446;;263;;;
18/10/2025 15:30;18/10/2025 15:50;0;;AT987;;322;;;
18/10/2025 16:05;18/10/2025 17:05;0;;AT413;;322;;;
18/10/2025 21:00;18/10/2025 21:20;0;;AT935;;322;;;
18/10/2025 21:35;18/10/2025 22:35;0;;AT403;;322;;;
19/10/2025 15:25;19/10/2025 16:25;0;;AT970;;376;;;
19/10/2025 21:00;19/10/2025 21:20;0;;AT733;;376;;;
19/10/2025 22:00;19/10/2025 23:00;0;;AT597;;376;;;
13/10/2025 07:10;13/10/2025 08:10;1;;AT760;;45;;;
13/10/2025 09:15;13/10/2025 09:35;0,33;;AT201;;45;;;
13/10/2025 11:00;13/10/2025 11:20;0,33;;AT266;;45;;;
13/10/2025 11:30;13/10/2025 12:30;1;;AT850;;45;;;
13/10/2025 12:35;13/10/2025 12:55;0,33;;AT791;;45;;;
13/10/2025 13:00;13/10/2025 14:00;1;;AT503;;45;;;
14/10/2025 07:10;14/10/2025 08:10;1;;AT760;;98;;;
14/10/2025 10:00;14/10/2025 11:00;1;;CTRL DOSSEIRS;;98;;;
14/10/2025 12:05;14/10/2025 13:05;1;;AT950;;98;;;
14/10/2025 13:40;14/10/2025 14:00;0,33;;AT1423;;98;;;
15/10/2025 05:45;15/10/2025 10:15;4,5;;COORDINATION;;149;;;
15/10/2025 10:30;15/10/2025 11:45;1,25;;TO2069;;149;;;
15/10/2025 12:30;15/10/2025 12:50;0,33;;AT1411;;149;;;
15/10/2025 13:10;15/10/2025 14:10;1;;AT572;;149;;;
19/10/2025 06:40;19/10/2025 07:00;0;;AT526;;377;;;
19/10/2025 07:10;19/10/2025 08:10;0;;AT760;;377;;;
19/10/2025 10:35;19/10/2025 10:55;0;;AT408;;377;;;
19/10/2025 11:00;19/10/2025 12:00;0;;AT411;;377;;;
19/10/2025 13:00;19/10/2025 14:00;0;;AT503;;377;;;
13/10/2025 08:30;13/10/2025 10:00;1,5;;AT327;;46;;;
13/10/2025 12:00;13/10/2025 13:00;1;;IB1356;;46;;;
13/10/2025 14:00;13/10/2025 16:40;2,67;;TK618;;46;;;
14/10/2025 09:00;14/10/2025 10:00;1;;CTRL DOSSEIRS;;99;;;
14/10/2025 10:35;14/10/2025 10:55;0,33;;AT408;;99;;;
14/10/2025 11:40;14/10/2025 12:40;1;;IB1356;;99;;;
14/10/2025 13:05;14/10/2025 13:25;0,33;;AT214;;99;;;
14/10/2025 14:30;14/10/2025 17:10;2,67;;TK618;;99;;;
17/10/2025 09:15;17/10/2025 10:15;1;;FEDEX;;264;;;
17/10/2025 12:00;17/10/2025 12:55;0,92;;IB1356;;264;;;
17/10/2025 14:25;17/10/2025 16:35;2,17;;TK618;;264;;;
18/10/2025 08:45;18/10/2025 09:05;0;;AT591;;323;;;
18/10/2025 09:20;18/10/2025 10:20;0;;AT944;;323;;;
18/10/2025 11:30;18/10/2025 11:50;0;;AT507;;323;;;
18/10/2025 13:35;18/10/2025 16:25;0;;TK618;;323;;;
19/10/2025 08:10;19/10/2025 08:30;0;;AT1447;;378;;;
19/10/2025 10:35;19/10/2025 10:55;0;;AT402;;378;;;
19/10/2025 11:15;19/10/2025 12:15;0;;AT802;;378;;;
19/10/2025 14:05;19/10/2025 16:35;0;;TK618;;378;;;
13/10/2025 00:15;13/10/2025 00:45;0,5;;AT4803;;47;;;
13/10/2025 01:25;13/10/2025 01:45;0,33;;AT424;;47;;;
15/10/2025 07:10;15/10/2025 07:30;0,33;;AT526;;150;;;
15/10/2025 07:30;15/10/2025 08:30;1;;AT1410;;150;;;
15/10/2025 11:30;15/10/2025 12:30;1;;AT850;;150;;;
15/10/2025 13:25;15/10/2025 13:45;0,33;;AT1423;;150;;;
16/10/2025 14:00;16/10/2025 19:00;5;;COORDO;;205;;;
16/10/2025 19:40;16/10/2025 20:00;0,33;;AT941;;205;;;
16/10/2025 20:55;16/10/2025 21:55;1;;AT285;;205;;;
17/10/2025 14:40;17/10/2025 15:00;0,33;;AT965;;265;;;
17/10/2025 15:15;17/10/2025 16:15;1;;AT425;;265;;;
17/10/2025 17:35;17/10/2025 18:35;1;;AT776;;265;;;
17/10/2025 21:05;17/10/2025 21:25;0,33;;AT961;;265;;;
17/10/2025 21:35;17/10/2025 22:35;1;;AT403;;265;;;
18/10/2025 20:10;18/10/2025 20:30;0;;AT438;;324;;;
18/10/2025 21:35;18/10/2025 21:55;0;;AT321;;324;;;
18/10/2025 22:55;18/10/2025 23:55;0;;AT440;;324;;;
18/10/2025 22:55;18/10/2025 23:15;0;;AT482;;324;;;
19/10/2025 00:35;19/10/2025 01:35;0;;AT515;;379;;;
19/10/2025 20:30;19/10/2025 21:30;0;;L6115;;379;;;
19/10/2025 21:45;19/10/2025 22:25;0;;TB7502;;379;;;
19/10/2025 22:45;19/10/2025 23:45;0;;AT511;;379;;;
14/10/2025 06:30;14/10/2025 06:50;0,33;;AT578;;100;;;
14/10/2025 07:00;14/10/2025 08:00;1;;AT2809;;100;;;
14/10/2025 09:00;14/10/2025 10:00;1;;CTRL DOSSEIRS;;100;;;
14/10/2025 11:05;14/10/2025 13:05;2;;KU124;;100;;;
15/10/2025 15:05;15/10/2025 16:05;1;;AT960;;151;;;
15/10/2025 17:00;15/10/2025 17:50;0,83;;IB1358;;151;;;
15/10/2025 21:10;15/10/2025 21:30;0,33;;AT721;;151;;;
15/10/2025 21:30;15/10/2025 22:30;1;;AT591;;151;;;
16/10/2025 14:05;16/10/2025 14:25;0,33;;AT973;;206;;;
16/10/2025 15:20;16/10/2025 16:50;1,5;;AT215;;206;;;
16/10/2025 20:55;16/10/2025 21:15;0,33;;AT721;;206;;;
16/10/2025 21:00;16/10/2025 22:30;1,5;;AT523;;206;;;
17/10/2025 14:30;17/10/2025 16:00;1,5;;AT204;;266;;;
17/10/2025 17:10;17/10/2025 17:55;0,75;;IB1358;;266;;;
18/10/2025 23:00;19/10/2025 00:30;0;;L6115;;325;;;
19/10/2025 02:10;19/10/2025 03:10;0;;AT774;;380;;;
13/10/2025 07:25;13/10/2025 08:25;1;;AT1422;;48;;;
13/10/2025 10:10;13/10/2025 11:10;1;;AT980;;48;;;
13/10/2025 12:25;13/10/2025 13:25;1;;AT788;;48;;;
13/10/2025 13:50;13/10/2025 14:10;0,33;;AT793;;48;;;
14/10/2025 14:20;14/10/2025 14:40;0,33;;AT410;;101;;;
14/10/2025 16:05;14/10/2025 17:05;1;;AT413;;101;;;
14/10/2025 19:50;14/10/2025 20:10;0,33;;AT953;;101;;;
14/10/2025 21:15;14/10/2025 22:15;1;;AT220;;101;;;
15/10/2025 15:00;15/10/2025 15:20;0,33;;AT925;;152;;;
15/10/2025 15:35;15/10/2025 16:35;1;;AT413;;152;;;
15/10/2025 19:15;15/10/2025 19:35;0,33;;AT765;;152;;;
15/10/2025 19:55;15/10/2025 20:15;0,33;;AT951;;152;;;
15/10/2025 21:25;15/10/2025 22:25;1;;AT1420;;152;;;
16/10/2025 20:40;16/10/2025 21:00;0,33;;AT971;;207;;;
16/10/2025 22:25;16/10/2025 22:45;0,33;;AT482;;207;;;
16/10/2025 22:55;16/10/2025 23:55;1;;AT440;;207;;;
17/10/2025 00:35;17/10/2025 01:35;1;;AT515;;267;;;
19/10/2025 06:35;19/10/2025 07:25;0;;AT8642;;381;;;
19/10/2025 07:50;19/10/2025 08:50;0;;AT8115;;381;;;
19/10/2025 09:55;19/10/2025 10:15;0;;AT703;;381;;;
19/10/2025 12:00;19/10/2025 13:00;0;;AT930;;381;;;
14/10/2025 06:00;14/10/2025 09:00;3;;EY758;;102;;;
14/10/2025 09:30;14/10/2025 10:30;1;;CTRL DOSSEIRS;;102;;;
14/10/2025 10:45;14/10/2025 11:05;0,33;;AT532;;102;;;
14/10/2025 11:30;14/10/2025 12:30;1;;AT802;;102;;;
14/10/2025 13:20;14/10/2025 13:40;0,33;;AT422;;102;;;
15/10/2025 09:10;15/10/2025 09:30;0,33;;AT209;;153;;;
15/10/2025 10:25;15/10/2025 10:45;0,33;;AT1421;;153;;;
15/10/2025 11:25;15/10/2025 12:25;1;;AT810;;153;;;
15/10/2025 13:45;15/10/2025 17:05;3,33;;TK618;;153;;;
16/10/2025 08:15;16/10/2025 08:35;0,33;;AT522;;208;;;
16/10/2025 08:50;16/10/2025 09:50;1;;AT972;;208;;;
16/10/2025 10:40;16/10/2025 11:00;0,33;;AT205;;208;;;
16/10/2025 12:30;16/10/2025 12:50;0,33;;AT1411;;208;;;
16/10/2025 16:05;16/10/2025 17:35;1,5;;TK618;;208;;;
17/10/2025 08:45;17/10/2025 10:15;1,5;;AT910;;268;;;
17/10/2025 11:10;17/10/2025 11:30;0,33;;AT586;;268;;;
17/10/2025 12:00;17/10/2025 13:00;1;;AT930;;268;;;
17/10/2025 14:05;17/10/2025 14:25;0,33;;AT973;;268;;;
18/10/2025 06:45;18/10/2025 09:15;0;;EY758;;326;;;
18/10/2025 10:15;18/10/2025 10:35;0;;AT532;;326;;;
18/10/2025 10:50;18/10/2025 12:20;0;;AT764;;326;;;
13/10/2025 14:25;13/10/2025 15:55;1,5;;AT200;;49;;;
13/10/2025 18:15;13/10/2025 19:15;1;;FEDEX;;49;;;
13/10/2025 19:00;13/10/2025 21:00;2;;QR1396;;49;;;
14/10/2025 14:15;14/10/2025 15:15;1;;AT732;;103;;;
14/10/2025 16:45;14/10/2025 17:35;0,83;;FEDEX;;103;;;
14/10/2025 19:00;14/10/2025 20:50;1,83;;QR1396C;;103;;;
14/10/2025 21:00;14/10/2025 21:20;0,33;;AT733;;103;;;
15/10/2025 14:05;15/10/2025 14:25;0,33;;AT410;;154;;;
15/10/2025 14:50;15/10/2025 15:50;1;;AT982;;154;;;
15/10/2025 16:20;15/10/2025 17:45;1,42;;FEDEX;;154;;;
15/10/2025 18:00;15/10/2025 20:00;2;;QR1396;;154;;;
15/10/2025 22:00;15/10/2025 22:40;0,67;;TB7502;;154;;;
18/10/2025 10:10;18/10/2025 10:30;0;;AT1421;;327;;;
18/10/2025 10:30;18/10/2025 11:30;0;;AT411;;327;;;
18/10/2025 11:30;18/10/2025 14:00;0;;QR1395;;327;;;
19/10/2025 06:00;19/10/2025 07:00;0;;TB7501;;382;;;
13/10/2025 07:00;13/10/2025 09:00;2;;GF142;;50;;;
13/10/2025 10:50;13/10/2025 12:20;1,5;;AT764;;50;;;
14/10/2025 06:00;14/10/2025 12:00;6;;COORDO;;104;;;
14/10/2025 12:55;14/10/2025 14:25;1,5;;AT216;;104;;;
15/10/2025 07:00;15/10/2025 08:00;1;;AT936;;155;;;
15/10/2025 08:40;15/10/2025 09:40;1;;AT964;;155;;;
16/10/2025 08:20;16/10/2025 09:59;1,67;;GF142;;209;;;
16/10/2025 11:00;16/10/2025 13:30;2,5;;KU124;;209;;;
17/10/2025 06:40;17/10/2025 08:10;1,5;;AT760;;269;;;
17/10/2025 12:40;17/10/2025 14:10;1,5;;AT216;;269;;;
16/10/2025 20:15;16/10/2025 20:35;0,33;;AT811;;210;;;
16/10/2025 21:00;16/10/2025 21:20;0,33;;AT715;;210;;;
16/10/2025 21:50;16/10/2025 22:50;1;;AT1400;;210;;;
16/10/2025 23:45;17/10/2025 00:05;0,3;;AT751;;210;;;
17/10/2025 00:20;17/10/2025 01:20;1;;AT587;;270;;;
19/10/2025 06:35;19/10/2025 06:55;0;;AT400;;383;;;
19/10/2025 07:20;19/10/2025 07:40;0;;AT1401;;383;;;
19/10/2025 07:45;19/10/2025 08:45;0;;AT409;;383;;;
19/10/2025 09:15;19/10/2025 09:35;0;;AT777;;383;;;
19/10/2025 09:55;19/10/2025 10:55;0;;AT423;;383;;;
19/10/2025 13:30;19/10/2025 13:50;0;;AT989;;383;;;
13/10/2025 07:00;13/10/2025 08:00;1;;;;51;;;
13/10/2025 11:40;13/10/2025 12:00;0,33;;AT221;;51;;;
13/10/2025 12:15;13/10/2025 13:15;1;;AT938;;51;;;
13/10/2025 13:30;13/10/2025 13:50;0,33;;AT1431;;51;;;
14/10/2025 06:10;14/10/2025 06:30;0,33;;AT500;;105;;;
14/10/2025 08:30;14/10/2025 08:50;0,33;;AT522;;105;;;
14/10/2025 09:00;14/10/2025 10:00;1;;CTRL DOSSEIRS;;105;;;
14/10/2025 11:35;14/10/2025 12:35;1;;AT940;;105;;;
14/10/2025 12:55;14/10/2025 13:55;1;;AT572;;105;;;
15/10/2025 06:00;15/10/2025 10:15;4,25;;COORDINATION;;156;;;
15/10/2025 10:30;15/10/2025 11:30;1;;TO3061;;156;;;
15/10/2025 11:55;15/10/2025 12:15;0,33;;AT221;;156;;;
15/10/2025 12:25;15/10/2025 13:25;1;;AT788;;156;;;
19/10/2025 06:20;19/10/2025 06:40;0;;AT510;;384;;;
19/10/2025 06:50;19/10/2025 07:50;0;;AT570;;384;;;
19/10/2025 09:30;19/10/2025 09:50;0;;AT845;;384;;;
19/10/2025 12:15;19/10/2025 12:35;0;;AT1411;;384;;;
19/10/2025 12:50;19/10/2025 13:10;0;;AT273;;384;;;
19/10/2025 13:15;19/10/2025 14:15;0;;AT770;;384;;;
